등록일시,총사망자,총확진자,게시글번호,기준일,기준시간,수정일시,누적의심자,누적확진율,일일확진자,일일사망자,요일
2020-03-10 00:00:00.000,54,7513,51,2020-03-10,00:00,2021-10-07 10:30:51.51,210144.0,3.919308057,0.0,0.0,화
2020-03-11 00:00:00.000,60,7755,52,2020-03-11,00:00,2021-10-07 10:30:51.51,222395.0,3.804174536,242.0,6.0,수
2020-03-12 00:00:00.000,66,7869,53,2020-03-12,00:00,2021-10-07 10:30:51.51,234998.0,3.621744273,114.0,6.0,목
2020-03-13 00:00:00.000,67,7979,54,2020-03-13,00:00,2021-10-07 10:30:51.51,248647.0,3.458499309,110.0,1.0,금
2020-03-14 00:00:00.000,72,8086,55,2020-03-14,00:00,2021-10-07 10:30:51.51,261335.0,3.318000336,107.0,5.0,토
2020-03-15 00:00:00.000,75,8162,56,2020-03-15,00:00,2021-10-07 10:30:51.51,268212.0,3.239660237,76.0,3.0,일
2020-03-16 00:00:00.000,75,8236,57,2020-03-16,00:00,2021-10-07 10:30:51.51,274504.0,3.173392208,74.0,0.0,월
2020-03-17 00:00:00.000,81,8320,58,2020-03-17,00:00,2021-10-07 10:30:51.51,286716.0,3.088057901,84.0,6.0,화
2020-03-18 00:00:00.000,84,8413,59,2020-03-18,00:00,2021-10-07 10:30:51.51,295647.0,3.012162506,93.0,3.0,수
2020-03-19 00:00:00.000,91,8565,60,2020-03-19,00:00,2021-10-07 10:30:51.51,307024.0,2.942085738,152.0,7.0,목
2020-03-20 00:00:00.000,94,8652,61,2020-03-20,00:00,2021-10-07 10:30:51.51,316664.0,2.873091828,87.0,3.0,금
2020-03-21 00:00:00.000,102,8799,62,2020-03-21,00:00,2021-10-07 10:30:51.51,327509.0,2.82195603,147.0,8.0,토
2020-03-22 00:00:00.000,104,8897,63,2020-03-22,00:00,2021-10-07 10:30:51.51,331780.0,2.804501324,98.0,2.0,일
2020-03-23 00:00:00.000,111,8961,64,2020-03-23,00:00,2021-10-07 10:30:51.51,338036.0,2.762262336,64.0,7.0,월
2020-03-24 00:00:00.000,120,9037,65,2020-03-24,00:00,2021-10-07 10:30:51.51,348582.0,2.712657065,76.0,9.0,화
2020-03-25 00:00:00.000,126,9137,66,2020-03-25,00:00,2021-10-07 10:30:51.51,357896.0,2.659057442,100.0,6.0,수
2020-03-26 00:00:00.000,131,9241,67,2020-03-26,00:00,2021-10-07 10:30:51.51,364942.0,2.635970254,104.0,5.0,목
2020-03-27 00:00:00.000,139,9332,68,2020-03-27,00:00,2021-10-07 10:30:51.51,376961.0,2.579739151,91.0,8.0,금
2020-03-28 00:00:00.000,144,9478,69,2020-03-28,00:00,2021-10-07 10:30:51.51,387925.0,2.552233541,146.0,5.0,토
2020-03-29 00:00:00.000,152,9583,70,2020-03-29,00:00,2021-10-07 10:30:51.51,394141.0,2.527742388,105.0,8.0,일
2020-03-30 00:00:00.000,158,9661,71,2020-03-30,00:00,2021-10-07 10:30:51.51,398902.0,2.506934876,78.0,6.0,월
2020-03-31 00:00:00.000,162,9786,72,2020-03-31,00:00,2021-10-07 10:30:51.51,410564.0,2.485825764,125.0,4.0,화
2020-04-01 00:00:00.000,165,9887,73,2020-04-01,00:00,2021-10-07 10:30:51.51,421547.0,2.441463644,101.0,3.0,수
2020-04-02 00:00:00.000,169,9976,74,2020-04-02,00:00,2021-10-07 10:30:51.51,431743.0,2.410488622,89.0,4.0,목
2020-04-03 00:00:00.000,174,10062,75,2020-04-03,00:00,2021-10-07 10:30:51.51,443273.0,2.371072072,86.0,5.0,금
2020-04-04 00:00:00.000,177,10156,76,2020-04-04,00:00,2021-10-07 10:30:51.51,455032.0,2.33531392,94.0,3.0,토
2020-04-05 00:00:00.000,183,10237,77,2020-04-05,00:00,2021-10-07 10:30:51.51,461233.0,2.317835811,81.0,6.0,일
2020-04-06 00:00:00.000,186,10284,78,2020-04-06,00:00,2021-10-07 10:30:51.51,466804.0,2.298054341,47.0,3.0,월
2020-04-07 00:00:00.000,192,10331,79,2020-04-07,00:00,2021-10-07 10:30:51.51,477304.0,2.262325524,47.0,6.0,화
2020-04-08 00:00:00.000,200,10384,80,2020-04-08,00:00,2021-10-07 10:30:51.51,486003.0,2.218116182,53.0,8.0,수
2020-04-09 00:00:00.000,204,10423,81,2020-04-09,00:00,2021-10-07 10:30:51.51,494711.0,2.175074395,39.0,4.0,목
2020-04-10 00:00:00.000,208,10450,82,2020-04-10,00:00,2021-10-07 10:30:51.51,503051.0,2.142477853,27.0,4.0,금
2020-04-11 00:00:00.000,211,10480,83,2020-04-11,00:00,2021-10-07 10:30:51.51,510479.0,2.111162368,30.0,3.0,토
2020-04-12 00:00:00.000,214,10512,84,2020-04-12,00:00,2021-10-07 10:30:51.51,514621.0,2.098903227,32.0,3.0,일
2020-04-13 00:00:00.000,217,10537,85,2020-04-13,00:00,2021-10-07 10:30:51.51,518743.0,2.08508129,25.0,3.0,월
2020-04-14 00:00:00.000,222,10564,86,2020-04-14,00:00,2021-10-07 10:30:51.51,527438.0,2.060114628,27.0,5.0,화
2020-04-15 00:00:00.000,225,10591,87,2020-04-15,00:00,2021-10-07 10:30:51.51,534552.0,2.038589022,27.0,3.0,수
2020-04-16 00:00:00.000,229,10613,88,2020-04-16,00:00,2021-10-07 10:30:51.51,538775.0,2.023423901,22.0,4.0,목
2020-04-17 00:00:00.000,230,10635,89,2020-04-17,00:00,2021-10-07 10:30:51.51,546463.0,1.998019828,22.0,1.0,금
2020-04-18 00:00:00.000,232,10653,90,2020-04-18,00:00,2021-10-07 10:30:51.51,554834.0,1.968098078,18.0,2.0,토
2020-04-19 00:00:00.000,234,10661,91,2020-04-19,00:00,2021-10-07 10:30:51.51,559109.0,1.949472083,8.0,2.0,일
2020-04-20 00:00:00.000,236,10674,92,2020-04-20,00:00,2021-10-07 10:30:51.51,563035.0,1.937015247,13.0,2.0,월
2020-04-21 00:00:00.000,237,10683,93,2020-04-21,00:00,2021-10-07 10:30:51.51,571014.0,1.913511364,9.0,1.0,화
2020-04-22 00:00:00.000,238,10694,94,2020-04-22,00:00,2021-10-07 10:30:51.51,577959.0,1.88994023,11.0,1.0,수
2020-04-23 00:00:00.000,240,10702,95,2020-04-23,00:00,2021-10-07 10:30:51.51,583971.0,1.865005786,8.0,2.0,목
2020-04-24 00:00:00.000,240,10708,96,2020-04-24,00:00,2021-10-07 10:30:51.51,589520.0,1.846461581,6.0,0.0,금
2020-04-25 00:00:00.000,240,10718,97,2020-04-25,00:00,2021-10-07 10:30:51.51,595161.0,1.829316166,10.0,0.0,토
2020-04-26 00:00:00.000,242,10728,98,2020-04-26,00:00,2021-10-07 10:30:51.51,598285.0,1.820508208,10.0,2.0,일
2020-04-27 00:00:00.000,243,10738,99,2020-04-27,00:00,2021-10-07 10:30:51.51,601660.0,1.811510464,10.0,1.0,월
2020-04-28 00:00:00.000,244,10752,100,2020-04-28,00:00,2021-10-07 10:30:51.51,608514.0,1.794060179,14.0,1.0,화
2020-04-29 00:00:00.000,246,10761,101,2020-04-29,00:00,2021-10-07 10:30:51.51,614197.0,1.776064962,9.0,2.0,수
2020-04-30 00:00:00.000,247,10765,102,2020-04-30,00:00,2021-10-07 10:30:51.51,619881.0,1.761153838,4.0,1.0,목
2020-05-01 00:00:00.000,248,10774,103,2020-05-01,00:00,2021-10-07 10:30:51.51,623069.0,1.753626397,9.0,1.0,금
2020-05-02 00:00:00.000,250,10780,104,2020-05-02,00:00,2021-10-07 10:30:51.51,627562.0,1.741332911,6.0,2.0,토
2020-05-03 00:00:00.000,250,10793,105,2020-05-03,00:00,2021-10-07 10:30:51.51,630973.0,1.734135623,13.0,0.0,일
2020-05-04 00:00:00.000,252,10801,106,2020-05-04,00:00,2021-10-07 10:30:51.51,633921.0,1.726102486,8.0,2.0,월
2020-05-05 00:00:00.000,254,10804,107,2020-05-05,00:00,2021-10-07 10:30:51.51,640237.0,1.711175063,3.0,2.0,화
2020-05-06 00:00:00.000,255,10806,108,2020-05-06,00:00,2021-10-07 10:30:51.51,643095.0,1.701501844,2.0,1.0,수
2020-05-07 00:00:00.000,256,10810,109,2020-05-07,00:00,2021-10-07 10:30:51.51,649388.0,1.686535332,4.0,1.0,목
2020-05-08 00:00:00.000,256,10822,110,2020-05-08,00:00,2021-10-07 10:30:51.51,654863.0,1.675242571,12.0,0.0,금
2020-05-09 00:00:00.000,256,10840,111,2020-05-09,00:00,2021-10-07 10:30:51.51,660030.0,1.665445238,18.0,0.0,토
2020-05-10 00:00:00.000,256,10874,112,2020-05-10,00:00,2021-10-07 10:30:51.51,663886.0,1.663306606,34.0,0.0,일
2020-05-11 00:00:00.000,256,10909,113,2020-05-11,00:00,2021-10-07 10:30:51.51,668492.0,1.658986876,35.0,0.0,월
2020-05-12 00:00:00.000,258,10936,114,2020-05-12,00:00,2021-10-07 10:30:51.51,680890.0,1.645600096,27.0,2.0,화
2020-05-13 00:00:00.000,259,10962,115,2020-05-13,00:00,2021-10-07 10:30:51.51,695920.0,1.62078005,26.0,1.0,수
2020-05-15 00:00:00.000,260,11018,117,2020-05-15,00:00,2021-10-07 10:30:51.51,726747.0,1.558698039,56.0,1.0,금
2020-05-16 00:00:00.000,262,11037,118,2020-05-16,00:00,2021-10-07 10:30:51.51,740645.0,1.528031211,19.0,2.0,토
2020-05-17 00:00:00.000,262,11050,119,2020-05-17,00:00,2021-10-07 10:30:51.51,747653.0,1.513713145,13.0,0.0,일
2020-05-18 00:00:00.000,263,11065,120,2020-05-18,00:00,2021-10-07 10:30:51.51,753211.0,1.501116511,15.0,1.0,월
2020-05-19 00:00:00.000,263,11078,121,2020-05-19,00:00,2021-10-07 10:30:51.51,765574.0,1.479732158,13.0,0.0,화
2020-05-20 00:00:00.000,263,11110,122,2020-05-20,00:00,2021-10-07 10:30:51.51,776433.0,1.461684397,32.0,0.0,수
2020-05-21 00:00:00.000,264,11122,123,2020-05-21,00:00,2021-10-07 10:30:51.51,788684.0,1.443300307,12.0,1.0,목
2020-05-22 00:00:00.000,264,11142,124,2020-05-22,00:00,2021-10-07 10:30:51.51,802418.0,1.42456772,20.0,0.0,금
2020-05-23 00:00:00.000,266,11165,125,2020-05-23,00:00,2021-10-07 10:30:51.51,814420.0,1.408209109,23.0,2.0,토
2020-05-24 00:00:00.000,266,11190,126,2020-05-24,00:00,2021-10-07 10:30:51.51,820289.0,1.398826935,25.0,0.0,일
2020-05-25 00:00:00.000,267,11206,127,2020-05-25,00:00,2021-10-07 10:30:51.51,826437.0,1.388001209,16.0,1.0,월
2020-05-26 00:00:00.000,269,11225,128,2020-05-26,00:00,2021-10-07 10:30:51.51,839475.0,1.373204589,19.0,2.0,화
2020-05-27 00:00:00.000,269,11265,129,2020-05-27,00:00,2021-10-07 10:30:51.51,852876.0,1.354267475,40.0,0.0,수
2020-05-28 00:00:00.000,269,11344,130,2020-05-28,00:00,2021-10-07 10:30:51.51,868666.0,1.340429353,79.0,0.0,목
2020-05-29 00:00:00.000,269,11402,131,2020-05-29,00:00,2021-10-07 10:30:51.51,885120.0,1.324946576,58.0,0.0,금
2020-05-30 00:00:00.000,269,11441,132,2020-05-30,00:00,2021-10-07 10:30:51.51,902901.0,1.305151819,39.0,0.0,토
2020-05-31 00:00:00.000,270,11468,133,2020-05-31,00:00,2021-10-07 10:30:51.51,910822.0,1.292128248,27.0,1.0,일
2020-06-01 00:00:00.000,271,11503,134,2020-06-01,00:00,2021-10-07 10:30:51.51,921391.0,1.281909837,35.0,1.0,월
2020-06-02 00:00:00.000,272,11541,135,2020-06-02,00:00,2021-10-07 10:30:51.51,939851.0,1.266948357,38.0,1.0,화
2020-06-03 00:00:00.000,273,11590,136,2020-06-03,00:00,2021-10-07 10:30:51.51,956852.0,1.247595499,49.0,1.0,수
2020-06-04 00:00:00.000,273,11629,137,2020-06-04,00:00,2021-10-07 10:30:51.51,973858.0,1.229724457,39.0,0.0,목
2020-06-05 00:00:00.000,273,11668,138,2020-06-05,00:00,2021-10-07 10:30:51.51,990960.0,1.212645267,39.0,0.0,금
2020-06-06 00:00:00.000,273,11719,139,2020-06-06,00:00,2021-10-07 10:30:51.51,1005305.0,1.199057452,51.0,0.0,토
2020-06-07 00:00:00.000,273,11776,140,2020-06-07,00:00,2021-10-07 10:30:51.51,1012769.0,1.193971741,57.0,0.0,일
2020-06-08 00:00:00.000,273,11813,141,2020-06-08,00:00,2021-10-07 10:30:51.51,1018214.0,1.188621911,37.0,0.0,월
2020-06-09 00:00:00.000,274,11851,142,2020-06-09,00:00,2021-10-07 10:30:51.51,1035997.0,1.175067276,38.0,1.0,화
2020-06-10 00:00:00.000,276,11901,143,2020-06-10,00:00,2021-10-07 10:30:51.51,1051972.0,1.160225357,50.0,2.0,수
2020-06-11 00:00:00.000,276,11946,144,2020-06-11,00:00,2021-10-07 10:30:51.51,1066888.0,1.147116269,45.0,0.0,목
2020-06-12 00:00:00.000,277,12002,145,2020-06-12,00:00,2021-10-07 10:30:51.51,1081486.0,1.135217859,56.0,1.0,금
2020-06-13 00:00:00.000,277,12050,146,2020-06-13,00:00,2021-10-07 10:30:51.51,1094704.0,1.124747049,48.0,0.0,토
2020-06-14 00:00:00.000,277,12084,147,2020-06-14,00:00,2021-10-07 10:30:51.51,1100327.0,1.119955958,34.0,0.0,일
2020-06-15 00:00:00.000,277,12121,148,2020-06-15,00:00,2021-10-07 10:30:51.51,1105719.0,1.117219055,37.0,0.0,월
2020-06-16 00:00:00.000,278,12155,149,2020-06-16,00:00,2021-10-07 10:30:51.51,1119767.0,1.107885538,34.0,1.0,화
2020-06-17 00:00:00.000,279,12198,150,2020-06-17,00:00,2021-10-07 10:30:51.51,1132823.0,1.097599821,43.0,1.0,수
2020-06-18 00:00:00.000,280,12257,151,2020-06-18,00:00,2021-10-07 10:30:51.51,1145712.0,1.090482367,59.0,1.0,목
2020-06-19 00:00:00.000,280,12306,152,2020-06-19,00:00,2021-10-07 10:30:51.51,1158063.0,1.082442806,49.0,0.0,금
2020-06-20 00:00:00.000,280,12373,153,2020-06-20,00:00,2021-10-07 10:30:51.51,1170901.0,1.07644565,67.0,0.0,토
2020-06-21 00:00:00.000,280,12421,154,2020-06-21,00:00,2021-10-07 10:30:51.51,1176463.0,1.074116736,48.0,0.0,일
2020-06-22 00:00:00.000,280,12438,155,2020-06-22,00:00,2021-10-07 10:30:51.51,1182066.0,1.069785484,17.0,0.0,월
2020-06-23 00:00:00.000,281,12484,156,2020-06-23,00:00,2021-10-07 10:30:51.51,1196012.0,1.063614073,46.0,1.0,화
2020-06-24 00:00:00.000,281,12535,157,2020-06-24,00:00,2021-10-07 10:30:51.51,1208597.0,1.05482214,51.0,0.0,수
2020-06-25 00:00:00.000,282,12563,158,2020-06-25,00:00,2021-10-07 10:30:51.51,1220478.0,1.045541779,28.0,1.0,목
2020-06-26 00:00:00.000,282,12602,159,2020-06-26,00:00,2021-10-07 10:30:51.51,1232315.0,1.03849485,39.0,0.0,금
2020-06-27 00:00:00.000,282,12653,160,2020-06-27,00:00,2021-10-07 10:30:51.51,1243780.0,1.033814467,51.0,0.0,토
2020-06-28 00:00:00.000,282,12715,161,2020-06-28,00:00,2021-10-07 10:30:51.51,1251695.0,1.03148399,62.0,0.0,일
2020-06-29 00:00:00.000,282,12757,162,2020-06-29,00:00,2021-10-07 10:30:51.51,1259954.0,1.027584568,42.0,0.0,월
2020-06-30 00:00:00.000,282,12799,163,2020-06-30,00:00,2021-10-07 10:30:51.51,1273765.0,1.021504347,42.0,0.0,화
2020-07-01 00:00:00.000,282,12850,164,2020-07-01,00:00,2021-10-07 10:30:51.51,1285231.0,1.015244468,51.0,0.0,수
2020-07-02 00:00:00.000,282,12904,165,2020-07-02,00:00,2021-10-07 10:30:51.51,1295962.0,1.011142629,54.0,0.0,목
2020-07-03 00:00:00.000,282,12965,166,2020-07-03,00:00,2021-10-07 10:30:51.51,1307759.0,1.00800887,61.0,0.0,금
2020-07-04 00:00:00.000,283,13028,167,2020-07-04,00:00,2021-10-07 10:30:51.51,1319521.0,1.00431699,63.0,1.0,토
2020-07-05 00:00:00.000,283,13089,168,2020-07-05,00:00,2021-10-07 10:30:51.51,1326055.0,1.003445246,61.0,0.0,일
2020-07-06 00:00:00.000,284,13137,169,2020-07-06,00:00,2021-10-07 10:30:51.51,1331796.0,1.002438756,48.0,1.0,월
2020-07-07 00:00:00.000,285,13181,170,2020-07-07,00:00,2021-10-07 10:30:51.51,1346194.0,0.996658649,44.0,1.0,화
2020-07-08 00:00:00.000,285,13243,171,2020-07-08,00:00,2021-10-07 10:30:51.51,1359734.0,0.991448819,62.0,0.0,수
2020-07-09 00:00:00.000,287,13293,172,2020-07-09,00:00,2021-10-07 10:30:51.51,1371771.0,0.986230756,50.0,2.0,목
2020-07-10 00:00:00.000,288,13338,173,2020-07-10,00:00,2021-10-07 10:30:51.51,1384890.0,0.97975338,45.0,1.0,금
2020-07-11 00:00:00.000,288,13373,174,2020-07-11,00:00,2021-10-07 10:30:51.51,1396941.0,0.973296041,35.0,0.0,토
2020-07-12 00:00:00.000,289,13417,175,2020-07-12,00:00,2021-10-07 10:30:51.51,1402144.0,0.972025206,44.0,1.0,일
2020-07-13 00:00:00.000,289,13479,176,2020-07-13,00:00,2021-10-07 10:30:51.51,1408312.0,0.972183254,62.0,0.0,월
2020-07-14 00:00:00.000,289,13512,177,2020-07-14,00:00,2021-10-07 10:30:51.51,1420616.0,0.967681639,33.0,0.0,화
2020-07-15 00:00:00.000,289,13551,178,2020-07-15,00:00,2021-10-07 10:30:51.51,1431316.0,0.96241599,39.0,0.0,수
2020-07-16 00:00:00.000,291,13612,179,2020-07-16,00:00,2021-10-07 10:30:51.51,1441348.0,0.959981494,61.0,2.0,목
2020-07-17 00:00:00.000,293,13672,180,2020-07-17,00:00,2021-10-07 10:30:51.51,1451017.0,0.957485326,60.0,2.0,금
2020-07-18 00:00:00.000,294,13711,181,2020-07-18,00:00,2021-10-07 10:30:51.51,1460204.0,0.953954028,39.0,1.0,토
2020-07-19 00:00:00.000,295,13745,182,2020-07-19,00:00,2021-10-07 10:30:51.51,1465299.0,0.952301111,34.0,1.0,일
2020-07-20 00:00:00.000,296,13771,183,2020-07-20,00:00,2021-10-07 10:30:51.51,1470193.0,0.950451069,26.0,1.0,월
2020-07-21 00:00:00.000,296,13816,184,2020-07-21,00:00,2021-10-07 10:30:51.51,1482390.0,0.947257711,45.0,0.0,화
2020-07-22 00:00:00.000,297,13879,185,2020-07-22,00:00,2021-10-07 10:30:51.51,1492071.0,0.943944175,63.0,1.0,수
2020-07-23 00:00:00.000,297,13938,186,2020-07-23,00:00,2021-10-07 10:30:51.51,1500854.0,0.942115779,59.0,0.0,목
2020-07-24 00:00:00.000,298,13979,187,2020-07-24,00:00,2021-10-07 10:30:51.51,1510327.0,0.938334022,41.0,1.0,금
2020-07-25 00:00:00.000,298,14092,188,2020-07-25,00:00,2021-10-07 10:30:51.51,1518634.0,0.940122872,113.0,0.0,토
2020-07-26 00:00:00.000,298,14150,189,2020-07-26,00:00,2021-10-07 10:30:51.51,1522926.0,0.94100466,58.0,0.0,일
2020-07-27 00:00:00.000,299,14175,190,2020-07-27,00:00,2021-10-07 10:30:51.51,1526974.0,0.939859595,25.0,1.0,월
2020-07-28 00:00:00.000,300,14203,191,2020-07-28,00:00,2021-10-07 10:30:51.51,1537704.0,0.93609533,28.0,1.0,화
2020-07-29 00:00:00.000,300,14251,192,2020-07-29,00:00,2021-10-07 10:30:51.51,1547307.0,0.932668665,48.0,0.0,수
2020-07-30 00:00:00.000,300,14269,193,2020-07-30,00:00,2021-10-07 10:30:51.51,1556215.0,0.928247973,18.0,0.0,목
2020-07-31 00:00:00.000,301,14305,194,2020-07-31,00:00,2021-10-07 10:30:51.51,1563796.0,0.925610787,36.0,1.0,금
2020-08-01 00:00:00.000,301,14336,195,2020-08-01,00:00,2021-10-07 10:30:51.51,1571830.0,0.922788552,31.0,0.0,토
2020-08-02 00:00:00.000,301,14366,196,2020-08-02,00:00,2021-10-07 10:30:51.51,1576246.0,0.921796779,30.0,0.0,일
2020-08-03 00:00:00.000,301,14389,197,2020-08-03,00:00,2021-10-07 10:30:51.51,1579757.0,0.920980878,23.0,0.0,월
2020-08-04 00:00:00.000,301,14423,198,2020-08-04,00:00,2021-10-07 10:30:51.51,1589780.0,0.918044933,34.0,0.0,화
2020-08-05 00:00:00.000,302,14456,199,2020-08-05,00:00,2021-10-07 10:30:51.51,1598187.0,0.915112202,33.0,1.0,수
2020-08-06 00:00:00.000,302,14499,200,2020-08-06,00:00,2021-10-07 10:30:51.51,1606487.0,0.912773158,43.0,0.0,목
2020-08-07 00:00:00.000,303,14519,201,2020-08-07,00:00,2021-10-07 10:30:51.51,1613652.0,0.909379024,20.0,1.0,금
2020-08-08 00:00:00.000,304,14562,202,2020-08-08,00:00,2021-10-07 10:30:51.51,1620514.0,0.907623929,43.0,1.0,토
2020-08-09 00:00:00.000,305,14598,203,2020-08-09,00:00,2021-10-07 10:30:51.51,1624650.0,0.907922209,36.0,1.0,일
2020-08-10 00:00:00.000,305,14626,204,2020-08-10,00:00,2021-10-07 10:30:51.51,1628303.0,0.907372448,28.0,0.0,월
2020-08-11 00:00:00.000,305,14660,205,2020-08-11,00:00,2021-10-07 10:30:51.51,1637844.0,0.904740011,34.0,0.0,화
2020-08-12 00:00:00.000,305,14714,206,2020-08-12,00:00,2021-10-07 10:30:51.51,1646652.0,0.903099964,54.0,0.0,수
2020-08-13 00:00:00.000,305,14770,207,2020-08-13,00:00,2021-10-07 10:30:51.51,1654898.0,0.902205119,56.0,0.0,목
2020-08-14 00:00:00.000,305,14873,208,2020-08-14,00:00,2021-10-07 10:30:51.51,1665084.0,0.904160121,103.0,0.0,금
2020-08-15 00:00:00.000,305,15039,209,2020-08-15,00:00,2021-10-07 10:30:51.51,1675296.0,0.909427349,166.0,0.0,토
2020-08-16 00:00:00.000,305,15318,210,2020-08-16,00:00,2021-10-07 10:30:51.51,1681787.0,0.922892283,279.0,0.0,일
2020-08-17 00:00:00.000,305,15515,211,2020-08-17,00:00,2021-10-07 10:30:51.51,1688470.0,0.931548731,197.0,0.0,월
2020-08-18 00:00:00.000,306,15761,212,2020-08-18,00:00,2021-10-07 10:30:51.51,1697042.0,0.942743341,246.0,1.0,화
2020-08-19 00:00:00.000,306,16058,213,2020-08-19,00:00,2021-10-07 10:30:51.51,1715064.0,0.953539164,297.0,0.0,수
2020-08-20 00:00:00.000,307,16346,214,2020-08-20,00:00,2021-10-07 10:30:51.51,1734083.0,0.96204722,288.0,1.0,목
2020-08-21 00:00:00.000,309,16670,215,2020-08-21,00:00,2021-10-07 10:30:51.51,1754123.0,0.971401067,324.0,2.0,금
2020-08-22 00:00:00.000,309,17002,216,2020-08-22,00:00,2021-10-07 10:30:51.51,1775800.0,0.980862169,332.0,0.0,토
2020-08-23 00:00:00.000,309,17398,217,2020-08-23,00:00,2021-10-07 10:30:51.51,1791186.0,0.997808011,396.0,0.0,일
2020-08-24 00:00:00.000,309,17664,218,2020-08-24,00:00,2021-10-07 10:30:51.51,1804422.0,1.005678004,266.0,0.0,월
2020-08-25 00:00:00.000,310,17944,219,2020-08-25,00:00,2021-10-07 10:30:51.51,1825837.0,1.010659119,280.0,1.0,화
2020-08-26 00:00:00.000,312,18264,220,2020-08-26,00:00,2021-10-07 10:30:51.51,1849506.0,1.016524082,320.0,2.0,수
2020-08-27 00:00:00.000,313,18705,221,2020-08-27,00:00,2021-10-07 10:30:51.51,1869579.0,1.029139418,441.0,1.0,목
2020-08-28 00:00:00.000,316,19076,222,2020-08-28,00:00,2021-10-07 10:30:51.51,1887717.0,1.038428835,371.0,3.0,금
2020-08-29 00:00:00.000,321,19399,223,2020-08-29,00:00,2021-10-07 10:30:51.51,1909329.0,1.045608675,323.0,5.0,토
2020-08-30 00:00:00.000,323,19698,224,2020-08-30,00:00,2021-10-07 10:30:51.51,1924170.0,1.055542725,299.0,2.0,일
2020-08-31 00:00:00.000,324,19946,225,2020-08-31,00:00,2021-10-07 10:30:51.51,1937689.0,1.061062989,248.0,1.0,월
2020-09-01 00:00:00.000,324,20181,226,2020-09-01,00:00,2021-10-07 10:30:51.51,1959080.0,1.060853045,235.0,0.0,화
2020-09-02 00:00:00.000,326,20448,227,2020-09-02,00:00,2021-10-07 10:30:51.51,1980295.0,1.063036151,267.0,2.0,수
2020-09-03 00:00:00.000,329,20643,228,2020-09-03,00:00,2021-10-07 10:30:51.51,2000552.0,1.061321482,195.0,3.0,목
2020-09-04 00:00:00.000,331,20841,229,2020-09-04,00:00,2021-10-07 10:30:51.51,2018906.0,1.059726234,198.0,2.0,금
2020-09-05 00:00:00.000,333,21009,230,2020-09-05,00:00,2021-10-07 10:30:51.51,2037045.0,1.058404972,168.0,2.0,토
2020-09-06 00:00:00.000,334,21176,231,2020-09-06,00:00,2021-10-07 10:30:51.51,2045935.0,1.060754971,167.0,1.0,일
2020-09-07 00:00:00.000,336,21295,232,2020-09-07,00:00,2021-10-07 10:30:51.51,2051297.0,1.062525072,119.0,2.0,월
2020-09-08 00:00:00.000,341,21431,233,2020-09-08,00:00,2021-10-07 10:30:51.51,2066078.0,1.059520208,136.0,5.0,화
2020-09-09 00:00:00.000,344,21587,234,2020-09-09,00:00,2021-10-07 10:30:51.51,2082234.0,1.0552373,156.0,3.0,수
2020-09-10 00:00:00.000,346,21742,235,2020-09-10,00:00,2021-10-07 10:30:51.51,2099591.0,1.052079941,155.0,2.0,목
2020-09-11 00:00:00.000,350,21918,236,2020-09-11,00:00,2021-10-07 10:30:51.51,2119211.0,1.048814521,176.0,4.0,금
2020-09-12 00:00:00.000,355,22054,237,2020-09-12,00:00,2021-10-07 10:30:51.51,2135457.0,1.046388101,136.0,5.0,토
2020-09-13 00:00:00.000,358,22175,238,2020-09-13,00:00,2021-10-07 10:30:51.51,2143270.0,1.048183346,121.0,3.0,일
2020-09-14 00:00:00.000,363,22284,239,2020-09-14,00:00,2021-10-07 10:30:51.51,2151002.0,1.049386728,109.0,5.0,월
2020-09-15 00:00:00.000,367,22390,240,2020-09-15,00:00,2021-10-07 10:30:51.51,2164578.0,1.047599084,106.0,4.0,화
2020-09-16 00:00:00.000,367,22503,241,2020-09-16,00:00,2021-10-07 10:30:51.51,2178832.0,1.045197609,113.0,0.0,수
2020-09-17 00:00:00.000,372,22656,242,2020-09-17,00:00,2021-10-07 10:30:51.51,2191892.0,1.045797975,153.0,5.0,목
2020-09-18 00:00:00.000,377,22782,243,2020-09-18,00:00,2021-10-07 10:30:51.51,2206365.0,1.044584913,126.0,5.0,금
2020-09-19 00:00:00.000,378,22892,244,2020-09-19,00:00,2021-10-07 10:30:51.51,2219162.0,1.043173778,110.0,1.0,토
2020-09-20 00:00:00.000,383,22974,245,2020-09-20,00:00,2021-10-07 10:30:51.51,2226701.0,1.043121974,82.0,5.0,일
2020-09-21 00:00:00.000,385,23044,246,2020-09-21,00:00,2021-10-07 10:30:51.51,2231589.0,1.043161934,70.0,2.0,월
2020-09-22 00:00:00.000,388,23105,247,2020-09-22,00:00,2021-10-07 10:30:51.51,2245112.0,1.039880462,61.0,3.0,화
2020-09-23 00:00:00.000,388,23215,248,2020-09-23,00:00,2021-10-07 10:30:51.51,2256899.0,1.038065223,110.0,0.0,수
2020-09-24 00:00:00.000,393,23340,249,2020-09-24,00:00,2021-10-07 10:30:51.51,2268999.0,1.038156014,125.0,5.0,목
2020-09-25 00:00:00.000,395,23454,250,2020-09-25,00:00,2021-10-07 10:30:51.51,2280276.0,1.037465813,114.0,2.0,금
2020-09-26 00:00:00.000,399,23515,251,2020-09-26,00:00,2021-10-07 10:30:51.51,2290345.0,1.035065456,61.0,4.0,토
2020-09-27 00:00:00.000,401,23610,252,2020-09-27,00:00,2021-10-07 10:30:51.51,2296517.0,1.036599742,95.0,2.0,일
2020-09-28 00:00:00.000,406,23660,253,2020-09-28,00:00,2021-10-07 10:30:51.51,2301303.0,1.036484609,50.0,5.0,월
2020-09-29 00:00:00.000,407,23698,254,2020-09-29,00:00,2021-10-07 10:30:51.51,2313044.0,1.033498649,38.0,1.0,화
2020-09-30 00:00:00.000,413,23811,255,2020-09-30,00:00,2021-10-07 10:30:51.51,2322999.0,1.034180376,113.0,6.0,수
2020-10-01 00:00:00.000,415,23888,256,2020-10-01,00:00,2021-10-07 10:30:51.51,2328435.0,1.034826629,77.0,2.0,목
2020-10-02 00:00:00.000,416,23951,257,2020-10-02,00:00,2021-10-07 10:30:51.51,2333777.0,1.035145057,63.0,1.0,금
2020-10-03 00:00:00.000,420,24026,258,2020-10-03,00:00,2021-10-07 10:30:51.51,2339859.0,1.036241273,75.0,4.0,토
2020-10-04 00:00:00.000,421,24090,259,2020-10-04,00:00,2021-10-07 10:30:51.51,2346345.0,1.03647274,64.0,1.0,일
2020-10-05 00:00:00.000,422,24163,260,2020-10-05,00:00,2021-10-07 10:30:51.51,2352378.0,1.037069338,73.0,1.0,월
2020-10-06 00:00:00.000,422,24238,261,2020-10-06,00:00,2021-10-07 10:30:51.51,2365433.0,1.034619942,75.0,0.0,화
2020-10-07 00:00:00.000,425,24352,262,2020-10-07,00:00,2021-10-07 10:30:51.51,2378073.0,1.033644816,114.0,3.0,수
2020-10-08 00:00:00.000,427,24421,263,2020-10-08,00:00,2021-10-07 10:30:51.51,2388844.0,1.031350592,69.0,2.0,목
2020-10-09 00:00:00.000,428,24475,264,2020-10-09,00:00,2021-10-07 10:30:51.51,2400233.0,1.028562735,54.0,1.0,금
2020-10-10 00:00:00.000,430,24547,265,2020-10-10,00:00,2021-10-07 10:30:51.51,2404684.0,1.028921466,72.0,2.0,토
2020-10-11 00:00:00.000,432,24605,266,2020-10-11,00:00,2021-10-07 10:30:51.51,2410483.0,1.028989871,58.0,2.0,일
2020-10-12 00:00:00.000,433,24703,267,2020-10-12,00:00,2021-10-07 10:30:51.51,2415610.0,1.030830181,98.0,1.0,월
2020-10-13 00:00:00.000,434,24794,268,2020-10-13,00:00,2021-10-07 10:30:51.51,2428760.0,1.029379284,91.0,1.0,화
2020-10-14 00:00:00.000,438,24878,269,2020-10-14,00:00,2021-10-07 10:30:51.51,2441443.0,1.02672379,84.0,4.0,수
2020-10-15 00:00:00.000,439,24988,270,2020-10-15,00:00,2021-10-07 10:30:51.51,2450739.0,1.027265623,110.0,1.0,목
2020-10-16 00:00:00.000,441,25035,271,2020-10-16,00:00,2021-10-07 10:30:51.51,2459426.0,1.025154469,47.0,2.0,금
2020-10-17 00:00:00.000,443,25108,272,2020-10-17,00:00,2021-10-07 10:30:51.51,2468527.0,1.02431086,73.0,2.0,토
2020-10-18 00:00:00.000,444,25199,273,2020-10-18,00:00,2021-10-07 10:30:51.51,2474529.0,1.025705526,91.0,1.0,일
2020-10-19 00:00:00.000,444,25275,274,2020-10-19,00:00,2021-10-07 10:30:51.51,2479226.0,1.026411361,76.0,0.0,월
2020-10-20 00:00:00.000,447,25333,275,2020-10-20,00:00,2021-10-07 10:30:51.51,2491311.0,1.024825926,58.0,3.0,화
2020-10-21 00:00:00.000,450,25422,276,2020-10-21,00:00,2021-10-07 10:30:51.51,2503489.0,1.0234316,89.0,3.0,수
2020-10-22 00:00:00.000,453,25543,277,2020-10-22,00:00,2021-10-07 10:30:51.51,2515325.0,1.02355749,121.0,3.0,목
2020-10-23 00:00:00.000,455,25698,278,2020-10-23,00:00,2021-10-07 10:30:51.51,2528621.0,1.024563121,155.0,2.0,금
2020-10-24 00:00:00.000,457,25775,279,2020-10-24,00:00,2021-10-07 10:30:51.51,2540679.0,1.023308405,77.0,2.0,토
2020-10-25 00:00:00.000,457,25836,280,2020-10-25,00:00,2021-10-07 10:30:51.51,2546146.0,1.023425171,61.0,0.0,일
2020-10-26 00:00:00.000,457,25955,281,2020-10-26,00:00,2021-10-07 10:30:51.51,2552264.0,1.025281049,119.0,0.0,월
2020-10-27 00:00:00.000,460,26043,282,2020-10-27,00:00,2021-10-07 10:30:51.51,2567587.0,1.023467883,88.0,3.0,화
2020-10-28 00:00:00.000,461,26146,283,2020-10-28,00:00,2021-10-07 10:30:51.51,2582960.0,1.021305784,103.0,1.0,수
2020-10-29 00:00:00.000,462,26271,284,2020-10-29,00:00,2021-10-07 10:30:51.51,2597978.0,1.021490534,125.0,1.0,목
2020-10-30 00:00:00.000,463,26384,285,2020-10-30,00:00,2021-10-07 10:30:51.51,2612231.0,1.020318981,113.0,1.0,금
2020-10-31 00:00:00.000,464,26511,286,2020-10-31,00:00,2021-10-07 10:30:51.51,2624492.0,1.020119177,127.0,1.0,토
2020-11-01 00:00:00.000,466,26635,287,2020-11-01,00:00,2021-10-07 10:30:51.51,2630630.0,1.02214605,124.0,2.0,일
2020-11-02 00:00:00.000,468,26732,288,2020-11-02,00:00,2021-10-07 10:30:51.51,2636650.0,1.023772886,97.0,2.0,월
2020-11-03 00:00:00.000,472,26807,289,2020-11-03,00:00,2021-10-07 10:30:51.51,2649859.0,1.021591101,75.0,4.0,화
2020-11-04 00:00:00.000,474,26924,290,2020-11-04,00:00,2021-10-07 10:30:51.51,2662259.0,1.020620136,117.0,2.0,수
2020-11-05 00:00:00.000,475,27049,291,2020-11-05,00:00,2021-10-07 10:30:51.51,2673705.0,1.021239933,125.0,1.0,목
2020-11-06 00:00:00.000,476,27194,292,2020-11-06,00:00,2021-10-07 10:30:51.51,2686313.0,1.02206801,145.0,1.0,금
2020-11-07 00:00:00.000,477,27283,293,2020-11-07,00:00,2021-10-07 10:30:51.51,2697248.0,1.021440784,89.0,1.0,토
2020-11-08 00:00:00.000,478,27426,294,2020-11-08,00:00,2021-10-07 10:30:51.51,2702879.0,1.024416645,143.0,1.0,일
2020-11-09 00:00:00.000,480,27552,295,2020-11-09,00:00,2021-10-07 10:30:51.51,2709198.0,1.02675863,126.0,2.0,월
2020-11-10 00:00:00.000,485,27652,296,2020-11-10,00:00,2021-10-07 10:30:51.51,2723959.0,1.025628091,100.0,5.0,화
2020-11-11 00:00:00.000,487,27797,297,2020-11-11,00:00,2021-10-07 10:30:51.51,2736532.0,1.026536241,145.0,2.0,수
2020-11-12 00:00:00.000,487,27940,298,2020-11-12,00:00,2021-10-07 10:30:51.51,2749770.0,1.027022378,143.0,0.0,목
2020-11-13 00:00:00.000,488,28131,299,2020-11-13,00:00,2021-10-07 10:30:51.51,2761409.0,1.029952879,191.0,1.0,금
2020-11-14 00:00:00.000,492,28336,300,2020-11-14,00:00,2021-10-07 10:30:51.51,2777287.0,1.033182078,205.0,4.0,토
2020-11-15 00:00:00.000,493,28544,301,2020-11-15,00:00,2021-10-07 10:30:51.51,2786876.0,1.037775705,208.0,1.0,일
2020-11-16 00:00:00.000,494,28766,302,2020-11-16,00:00,2021-10-07 10:30:51.51,2797689.0,1.042482446,222.0,1.0,월
2020-11-17 00:00:00.000,494,28996,303,2020-11-17,00:00,2021-10-07 10:30:51.51,2815753.0,1.045069995,230.0,0.0,화
2020-11-18 00:00:00.000,496,29281,304,2020-11-18,00:00,2021-10-07 10:30:51.51,2834332.0,1.048880158,285.0,2.0,수
2020-11-19 00:00:00.000,498,29606,305,2020-11-19,00:00,2021-10-07 10:30:51.51,2853795.0,1.05424336,325.0,2.0,목
2020-11-20 00:00:00.000,501,29954,306,2020-11-20,00:00,2021-10-07 10:30:51.51,2873380.0,1.060229637,348.0,3.0,금
2020-11-21 00:00:00.000,503,30340,307,2020-11-21,00:00,2021-10-07 10:30:51.51,2896683.0,1.066305655,386.0,2.0,토
2020-11-22 00:00:00.000,505,30670,308,2020-11-22,00:00,2021-10-07 10:30:51.51,2908827.0,1.074331704,330.0,2.0,일
2020-11-23 00:00:00.000,509,30941,309,2020-11-23,00:00,2021-10-07 10:30:51.51,2922072.0,1.079732567,271.0,4.0,월
2020-11-24 00:00:00.000,510,31290,310,2020-11-24,00:00,2021-10-07 10:30:51.51,2946336.0,1.083236082,349.0,1.0,화
2020-11-25 00:00:00.000,513,31672,311,2020-11-25,00:00,2021-10-07 10:30:51.51,2966342.0,1.088196409,382.0,3.0,수
2020-11-26 00:00:00.000,515,32253,312,2020-11-26,00:00,2021-10-07 10:30:51.51,2987982.0,1.099801168,581.0,2.0,목
2020-11-27 00:00:00.000,516,32808,313,2020-11-27,00:00,2021-10-07 10:30:51.51,3009499.0,1.111057679,555.0,1.0,금
2020-11-28 00:00:00.000,522,33311,314,2020-11-28,00:00,2021-10-07 10:30:51.51,3031940.0,1.120395702,503.0,6.0,토
2020-11-29 00:00:00.000,523,33761,315,2020-11-29,00:00,2021-10-07 10:30:51.51,3046908.0,1.131370852,450.0,1.0,일
2020-11-30 00:00:00.000,526,34199,316,2020-11-30,00:00,2021-10-07 10:30:51.51,3061170.0,1.140801353,438.0,3.0,월
2020-12-01 00:00:00.000,526,34650,317,2020-12-01,00:00,2021-10-07 10:30:51.51,3083995.0,1.147691881,451.0,0.0,화
2020-12-02 00:00:00.000,526,35161,318,2020-12-02,00:00,2021-10-07 10:30:51.51,3106968.0,1.155922091,511.0,0.0,수
2020-12-03 00:00:00.000,529,35701,319,2020-12-03,00:00,2021-10-07 10:30:51.51,3131884.0,1.164379719,540.0,3.0,목
2020-12-04 00:00:00.000,536,36329,320,2020-12-04,00:00,2021-10-07 10:30:51.51,3157407.0,1.174407365,628.0,7.0,금
2020-12-05 00:00:00.000,540,36906,321,2020-12-05,00:00,2021-10-07 10:30:51.51,3180487.0,1.185080052,577.0,4.0,토
2020-12-06 00:00:00.000,545,37537,322,2020-12-06,00:00,2021-10-07 10:30:51.51,3194858.0,1.200361224,631.0,5.0,일
2020-12-07 00:00:00.000,549,38152,323,2020-12-07,00:00,2021-10-07 10:30:51.51,3209367.0,1.214506979,615.0,4.0,월
2020-12-08 00:00:00.000,552,38739,324,2020-12-08,00:00,2021-10-07 10:30:51.51,3221316.0,1.231280807,587.0,3.0,화
2020-12-09 00:00:00.000,556,39409,325,2020-12-09,00:00,2021-10-07 10:30:51.51,3253219.0,1.238519208,670.0,4.0,수
2020-12-10 00:00:00.000,564,40089,326,2020-12-10,00:00,2021-10-07 10:30:51.51,3277946.0,1.250755807,680.0,8.0,목
2020-12-11 00:00:00.000,572,40778,327,2020-12-11,00:00,2021-10-07 10:30:51.51,3311211.0,1.261101282,689.0,8.0,금
2020-12-12 00:00:00.000,578,41728,328,2020-12-12,00:00,2021-10-07 10:30:51.51,3349862.0,1.278776141,950.0,6.0,토
2020-12-13 00:00:00.000,580,42758,329,2020-12-13,00:00,2021-10-07 10:30:51.51,3374593.0,1.301825015,1030.0,2.0,일
2020-12-14 00:00:00.000,587,43476,330,2020-12-14,00:00,2021-10-07 10:30:51.51,3397037.0,1.314351878,718.0,7.0,월
2020-12-15 00:00:00.000,600,44356,331,2020-12-15,00:00,2021-10-07 10:30:51.51,3441218.0,1.324951572,880.0,13.0,화
2020-12-16 00:00:00.000,612,45434,332,2020-12-16,00:00,2021-10-07 10:30:51.51,3488767.0,1.338663158,1078.0,12.0,수
2020-12-17 00:00:00.000,634,46448,333,2020-12-17,00:00,2021-10-07 10:30:51.51,3538838.0,1.350397432,1014.0,22.0,목
2020-12-18 00:00:00.000,645,47512,334,2020-12-18,00:00,2021-10-07 10:30:51.51,3589795.0,1.365610315,1064.0,11.0,금
2020-12-19 00:00:00.000,659,48557,335,2020-12-19,00:00,2021-10-07 10:30:51.51,3646245.0,1.379455525,1045.0,14.0,토
2020-12-20 00:00:00.000,674,49653,336,2020-12-20,00:00,2021-10-07 10:30:51.51,3683091.0,1.401195841,1096.0,15.0,일
2020-12-21 00:00:00.000,698,50577,337,2020-12-21,00:00,2021-10-07 10:30:51.51,3713856.0,1.417748074,924.0,24.0,월
2020-12-22 00:00:00.000,722,51443,338,2020-12-22,00:00,2021-10-07 10:30:51.51,3772425.0,1.420568769,866.0,24.0,화
2020-12-23 00:00:00.000,739,52533,339,2020-12-23,00:00,2021-10-07 10:30:51.51,3826565.0,1.430070212,1090.0,17.0,수
2020-12-24 00:00:00.000,756,53518,340,2020-12-24,00:00,2021-10-07 10:30:51.51,3882205.0,1.434156057,985.0,17.0,목
2020-12-25 00:00:00.000,773,54758,341,2020-12-25,00:00,2021-10-07 10:30:51.51,3939352.0,1.447642776,1240.0,17.0,금
2020-12-26 00:00:00.000,793,55889,342,2020-12-26,00:00,2021-10-07 10:30:51.51,3969409.0,1.465980589,1131.0,20.0,토
2020-12-27 00:00:00.000,808,56859,343,2020-12-27,00:00,2021-10-07 10:30:51.51,4006406.0,1.48092295,970.0,15.0,일
2020-12-28 00:00:00.000,819,57665,344,2020-12-28,00:00,2021-10-07 10:30:51.51,4038300.0,1.490659499,806.0,11.0,월
2020-12-29 00:00:00.000,859,58709,345,2020-12-29,00:00,2021-10-07 10:30:51.51,4098173.0,1.494928589,1044.0,40.0,화
2020-12-30 00:00:00.000,879,59759,346,2020-12-30,00:00,2021-10-07 10:30:51.51,4159516.0,1.498566232,1050.0,20.0,수
2020-12-31 00:00:00.000,900,60726,347,2020-12-31,00:00,2021-10-07 10:30:51.51,4213874.0,1.501804361,967.0,21.0,목
2021-01-01 00:00:00.000,917,61753,348,2021-01-01,00:00,2021-10-07 10:30:51.51,4269312.0,1.508973374,1027.0,17.0,금
2021-01-02 00:00:00.000,942,62573,349,2021-01-02,00:00,2021-10-07 10:30:51.51,4302792.0,1.517507982,820.0,25.0,토
2021-01-03 00:00:00.000,962,63230,350,2021-01-03,00:00,2021-10-07 10:30:51.51,4340832.0,1.522015425,657.0,20.0,일
2021-01-04 00:00:00.000,981,64250,351,2021-01-04,00:00,2021-10-07 10:30:51.51,4376602.0,1.534925834,1020.0,19.0,월
2021-01-05 00:00:00.000,1007,64964,352,2021-01-05,00:00,2021-10-07 10:30:51.51,4439354.0,1.530147779,714.0,26.0,화
2021-01-06 00:00:00.000,1027,65802,353,2021-01-06,00:00,2021-10-07 10:30:51.51,4504860.0,1.525745123,838.0,20.0,수
2021-01-07 00:00:00.000,1046,66671,354,2021-01-07,00:00,2021-10-07 10:30:51.51,4569802.0,1.522850408,869.0,19.0,목
2021-01-08 00:00:00.000,1081,67345,355,2021-01-08,00:00,2021-10-07 10:30:51.51,4629998.0,1.516934389,674.0,35.0,금
2021-01-09 00:00:00.000,1100,67986,356,2021-01-09,00:00,2021-10-07 10:30:51.51,4689610.0,1.509563165,641.0,19.0,토
2021-01-10 00:00:00.000,1125,68643,357,2021-01-10,00:00,2021-10-07 10:30:51.51,4723457.0,1.5146283,657.0,25.0,일
2021-01-11 00:00:00.000,1140,69094,358,2021-01-11,00:00,2021-10-07 10:30:51.51,4751679.0,1.514582908,451.0,15.0,월
2021-01-12 00:00:00.000,1165,69631,359,2021-01-12,00:00,2021-10-07 10:30:51.51,4814079.0,1.504783882,537.0,25.0,화
2021-01-13 00:00:00.000,1185,70192,360,2021-01-13,00:00,2021-10-07 10:30:51.51,4872306.0,1.496825175,561.0,20.0,수
2021-01-14 00:00:00.000,1195,70716,361,2021-01-14,00:00,2021-10-07 10:30:51.51,4925353.0,1.487001355,524.0,10.0,목
2021-01-15 00:00:00.000,1217,71228,362,2021-01-15,00:00,2021-10-07 10:30:51.51,4978068.0,1.479065025,512.0,22.0,금
2021-01-16 00:00:00.000,1236,71808,363,2021-01-16,00:00,2021-10-07 10:30:51.51,5032264.0,1.472493784,580.0,19.0,토
2021-01-17 00:00:00.000,1249,72328,364,2021-01-17,00:00,2021-10-07 10:30:51.51,5061284.0,1.475509797,520.0,13.0,일
2021-01-18 00:00:00.000,1264,72717,365,2021-01-18,00:00,2021-10-07 10:30:51.51,5087214.0,1.475235531,389.0,15.0,월
2021-01-19 00:00:00.000,1283,73103,366,2021-01-19,00:00,2021-10-07 10:30:51.51,5140320.0,1.466172614,386.0,19.0,화
2021-01-20 00:00:00.000,1300,73507,367,2021-01-20,00:00,2021-10-07 10:30:51.51,5192124.0,1.457320534,404.0,17.0,수
2021-01-21 00:00:00.000,1316,73907,368,2021-01-21,00:00,2021-10-07 10:30:51.51,5237602.0,1.45014296,400.0,16.0,목
2021-01-22 00:00:00.000,1328,74253,369,2021-01-22,00:00,2021-10-07 10:30:51.51,5282220.0,1.442061196,346.0,12.0,금
2021-01-23 00:00:00.000,1337,74684,370,2021-01-23,00:00,2021-10-07 10:30:51.51,5329704.0,1.438145992,431.0,9.0,토
2021-01-24 00:00:00.000,1349,75076,371,2021-01-24,00:00,2021-10-07 10:30:51.51,5354346.0,1.438628623,392.0,12.0,일
2021-01-25 00:00:00.000,1360,75513,372,2021-01-25,00:00,2021-10-07 10:30:51.51,5376083.0,1.440666034,437.0,11.0,월
2021-01-26 00:00:00.000,1371,75862,373,2021-01-26,00:00,2021-10-07 10:30:51.51,5422760.0,1.435655706,349.0,11.0,화
2021-01-27 00:00:00.000,1378,76421,374,2021-01-27,00:00,2021-10-07 10:30:51.51,5469244.0,1.433570126,559.0,7.0,수
2021-01-28 00:00:00.000,1386,76918,375,2021-01-28,00:00,2021-10-07 10:30:51.51,5522186.0,1.428968994,497.0,8.0,목
2021-01-29 00:00:00.000,1399,77387,376,2021-01-29,00:00,2021-10-07 10:30:51.51,5569261.0,1.426092065,469.0,13.0,금
2021-01-30 00:00:00.000,1414,77843,377,2021-01-30,00:00,2021-10-07 10:30:51.51,5616527.0,1.422899166,456.0,15.0,토
2021-01-31 00:00:00.000,1420,78197,378,2021-01-31,00:00,2021-10-07 10:30:51.51,5640817.0,1.424024729,354.0,6.0,일
2021-02-01 00:00:00.000,1425,78502,379,2021-02-01,00:00,2021-10-07 10:30:51.51,5661841.0,1.424102272,305.0,5.0,월
2021-02-02 00:00:00.000,1435,78838,380,2021-02-02,00:00,2021-10-07 10:30:51.51,5711412.0,1.418677606,336.0,10.0,화
2021-02-03 00:00:00.000,1441,79305,381,2021-02-03,00:00,2021-10-07 10:30:51.51,5756713.0,1.411657527,467.0,6.0,수
2021-02-04 00:00:00.000,1448,79756,382,2021-02-04,00:00,2021-10-07 10:30:51.51,5803094.0,1.403523344,451.0,7.0,목
2021-02-05 00:00:00.000,1459,80126,383,2021-02-05,00:00,2021-10-07 10:30:51.51,5847177.0,1.395991442,370.0,11.0,금
2021-02-06 00:00:00.000,1464,80516,384,2021-02-06,00:00,2021-10-07 10:30:51.51,5893352.0,1.389242841,390.0,5.0,토
2021-02-07 00:00:00.000,1471,80887,385,2021-02-07,00:00,2021-10-07 10:30:51.51,5916974.0,1.388326537,371.0,7.0,일
2021-02-08 00:00:00.000,1474,81175,386,2021-02-08,00:00,2021-10-07 10:30:51.51,5938195.0,1.386812206,288.0,3.0,월
2021-02-09 00:00:00.000,1482,81478,387,2021-02-09,00:00,2021-10-07 10:30:51.51,5987404.0,1.379866528,303.0,8.0,화
2021-02-10 00:00:00.000,1486,81922,388,2021-02-10,00:00,2021-10-07 10:30:51.51,6030022.0,1.376852832,444.0,4.0,수
2021-02-11 00:00:00.000,1496,82426,389,2021-02-11,00:00,2021-10-07 10:30:51.51,6070007.0,1.376429369,504.0,10.0,목
2021-02-12 00:00:00.000,1507,82829,390,2021-02-12,00:00,2021-10-07 10:30:51.51,6093368.0,1.377611702,403.0,11.0,금
2021-02-13 00:00:00.000,1514,83191,391,2021-02-13,00:00,2021-10-07 10:30:51.51,6115336.0,1.376175852,362.0,7.0,토
2021-02-14 00:00:00.000,1522,83517,392,2021-02-14,00:00,2021-10-07 10:30:51.51,6140085.0,1.377739762,326.0,8.0,일
2021-02-15 00:00:00.000,1527,83860,393,2021-02-15,00:00,2021-10-07 10:30:51.51,6162859.0,1.378661134,343.0,5.0,월
2021-02-16 00:00:00.000,1534,84317,394,2021-02-16,00:00,2021-10-07 10:30:51.51,6213489.0,1.374003682,457.0,7.0,화
2021-02-17 00:00:00.000,1538,84938,395,2021-02-17,00:00,2021-10-07 10:30:51.51,6260566.0,1.372589831,621.0,4.0,수
2021-02-18 00:00:00.000,1544,85559,396,2021-02-18,00:00,2021-10-07 10:30:51.51,6303213.0,1.372789348,621.0,6.0,목
2021-02-19 00:00:00.000,1550,86120,397,2021-02-19,00:00,2021-10-07 10:30:51.51,6345991.0,1.372457619,561.0,6.0,금
2021-02-20 00:00:00.000,1553,86568,398,2021-02-20,00:00,2021-10-07 10:30:51.51,6390630.0,1.37094142,448.0,3.0,토
2021-02-21 00:00:00.000,1557,86984,399,2021-02-21,00:00,2021-10-07 10:30:51.51,6411339.0,1.372424003,416.0,4.0,일
2021-02-22 00:00:00.000,1562,87316,400,2021-02-22,00:00,2021-10-07 10:30:51.51,6429143.0,1.373609691,332.0,5.0,월
2021-02-23 00:00:00.000,1573,87672,401,2021-02-23,00:00,2021-10-07 10:30:51.51,6472678.0,1.370171942,356.0,11.0,화
2021-02-24 00:00:00.000,1576,88112,402,2021-02-24,00:00,2021-10-07 10:30:51.51,6510987.0,1.369049312,440.0,3.0,수
2021-02-25 00:00:00.000,1581,88507,403,2021-02-25,00:00,2021-10-07 10:30:51.51,6551213.0,1.365313386,395.0,5.0,목
2021-02-26 00:00:00.000,1585,88894,404,2021-02-26,00:00,2021-10-07 10:30:51.51,6590065.0,1.363170117,387.0,4.0,금
2021-02-27 00:00:00.000,1595,89309,405,2021-02-27,00:00,2021-10-07 10:30:51.51,6627214.0,1.361786154,415.0,10.0,토
2021-02-28 00:00:00.000,1603,89664,406,2021-02-28,00:00,2021-10-07 10:30:51.51,6649005.0,1.363479598,355.0,8.0,일
2021-03-01 00:00:00.000,1605,90019,407,2021-03-01,00:00,2021-10-07 10:30:51.51,6665754.0,1.365577626,355.0,2.0,월
2021-03-02 00:00:00.000,1606,90363,408,2021-03-02,00:00,2021-10-07 10:30:51.51,6681975.0,1.367366453,344.0,1.0,화
2021-03-03 00:00:00.000,1612,90807,409,2021-03-03,00:00,2021-10-07 10:30:51.51,6716202.0,1.365450011,444.0,6.0,수
2021-03-04 00:00:00.000,1619,91231,410,2021-03-04,00:00,2021-10-07 10:30:51.51,6751899.0,1.363323226,424.0,7.0,목
2021-03-05 00:00:00.000,1627,91629,411,2021-03-05,00:00,2021-10-07 10:30:51.51,6789010.0,1.362451625,398.0,8.0,금
2021-03-06 00:00:00.000,1632,92047,412,2021-03-06,00:00,2021-10-07 10:30:51.51,6821942.0,1.362292728,418.0,5.0,토
2021-03-07 00:00:00.000,1634,92463,413,2021-03-07,00:00,2021-10-07 10:30:51.51,6843125.0,1.364419324,416.0,2.0,일
2021-03-08 00:00:00.000,1642,92809,414,2021-03-08,00:00,2021-10-07 10:30:51.51,6861808.0,1.365960332,346.0,8.0,월
2021-03-09 00:00:00.000,1645,93255,415,2021-03-09,00:00,2021-10-07 10:30:51.51,6902983.0,1.364877361,446.0,3.0,화
2021-03-10 00:00:00.000,1648,93725,416,2021-03-10,00:00,2021-10-07 10:30:51.51,6938883.0,1.364541999,470.0,3.0,수
2021-03-11 00:00:00.000,1652,94190,417,2021-03-11,00:00,2021-10-07 10:30:51.51,6976984.0,1.363346349,465.0,4.0,목
2021-03-12 00:00:00.000,1662,94678,418,2021-03-12,00:00,2021-10-07 10:30:51.51,7012663.0,1.363465187,488.0,10.0,금
2021-03-13 00:00:00.000,1667,95168,419,2021-03-13,00:00,2021-10-07 10:30:51.51,7046781.0,1.36365193,490.0,5.0,토
2021-03-14 00:00:00.000,1669,95627,420,2021-03-14,00:00,2021-10-07 10:30:51.51,7066400.0,1.366772257,459.0,2.0,일
2021-03-15 00:00:00.000,1675,96006,421,2021-03-15,00:00,2021-10-07 10:30:51.51,7084939.0,1.368903786,379.0,6.0,월
2021-03-16 00:00:00.000,1678,96369,422,2021-03-16,00:00,2021-10-07 10:30:51.51,7126076.0,1.367317856,363.0,3.0,화
2021-03-17 00:00:00.000,1686,96838,423,2021-03-17,00:00,2021-10-07 10:30:51.51,7171509.0,1.366215546,469.0,8.0,수
2021-03-18 00:00:00.000,1688,97283,424,2021-03-18,00:00,2021-10-07 10:30:51.51,7218086.0,1.364731094,445.0,2.0,목
2021-03-19 00:00:00.000,1690,97746,425,2021-03-19,00:00,2021-10-07 10:30:51.51,7264940.0,1.362010055,463.0,2.0,금
2021-03-20 00:00:00.000,1693,98193,426,2021-03-20,00:00,2021-10-07 10:30:51.51,7308949.0,1.36078075,447.0,3.0,토
2021-03-21 00:00:00.000,1696,98649,427,2021-03-21,00:00,2021-10-07 10:30:51.51,7332713.0,1.363609032,456.0,3.0,일
2021-03-22 00:00:00.000,1697,99064,428,2021-03-22,00:00,2021-10-07 10:30:51.51,7355963.0,1.365866653,415.0,1.0,월
2021-03-23 00:00:00.000,1704,99410,429,2021-03-23,00:00,2021-10-07 10:30:51.51,7400989.0,1.361628431,346.0,7.0,화
2021-03-24 00:00:00.000,1707,99838,430,2021-03-24,00:00,2021-10-07 10:30:51.51,7441209.0,1.358916428,428.0,3.0,수
2021-03-25 00:00:00.000,1709,100268,431,2021-03-25,00:00,2021-10-07 10:30:51.51,7485858.0,1.355178997,430.0,2.0,목
2021-03-26 00:00:00.000,1716,100757,432,2021-03-26,00:00,2021-10-07 10:30:51.51,7529401.0,1.35208143,489.0,7.0,금
2021-03-27 00:00:00.000,1721,101262,433,2021-03-27,00:00,2021-10-07 10:30:51.51,7572566.0,1.350629659,505.0,5.0,토
2021-03-28 00:00:00.000,1722,101744,434,2021-03-28,00:00,2021-10-07 10:30:51.51,7595594.0,1.353520672,482.0,1.0,일
2021-03-29 00:00:00.000,1726,102126,435,2021-03-29,00:00,2021-10-07 10:30:51.51,7616328.0,1.354925246,382.0,4.0,월
2021-03-30 00:00:00.000,1729,102573,436,2021-03-30,00:00,2021-10-07 10:30:51.51,7663997.0,1.352211626,447.0,3.0,화
2021-03-31 00:00:00.000,1731,103079,437,2021-03-31,00:00,2021-10-07 10:30:51.51,7707798.0,1.349820651,506.0,2.0,수
2021-04-01 00:00:00.000,1735,103630,438,2021-04-01,00:00,2021-10-07 10:30:51.51,7747301.0,1.349060526,551.0,4.0,목
2021-04-02 00:00:00.000,1737,104187,439,2021-04-02,00:00,2021-10-07 10:30:51.51,7788293.0,1.350002546,557.0,2.0,금
2021-04-03 00:00:00.000,1740,104730,440,2021-04-03,00:00,2021-10-07 10:30:51.51,7829599.0,1.350603555,543.0,3.0,토
2021-04-04 00:00:00.000,1744,105273,441,2021-04-04,00:00,2021-10-07 10:30:51.51,7849474.0,1.354921538,543.0,4.0,일
2021-04-05 00:00:00.000,1748,105746,442,2021-04-05,00:00,2021-10-07 10:30:51.51,7868818.0,1.35775092,473.0,4.0,월
2021-04-06 00:00:00.000,1752,106223,443,2021-04-06,00:00,2021-10-07 10:30:51.51,7921288.0,1.354516686,477.0,4.0,화
2021-04-07 00:00:00.000,1756,106891,444,2021-04-07,00:00,2021-10-07 10:30:51.51,7966165.0,1.354504067,668.0,4.0,수
2021-04-08 00:00:00.000,1758,107591,445,2021-04-08,00:00,2021-10-07 10:30:51.51,8012419.0,1.356002483,700.0,2.0,목
2021-04-09 00:00:00.000,1764,108262,446,2021-04-09,00:00,2021-10-07 10:30:51.51,8059111.0,1.357143027,671.0,6.0,금
2021-04-10 00:00:00.000,1765,108939,447,2021-04-10,00:00,2021-10-07 10:30:51.51,8106628.0,1.358915373,677.0,1.0,토
2021-04-11 00:00:00.000,1768,109553,448,2021-04-11,00:00,2021-10-07 10:30:51.51,8129530.0,1.363002809,614.0,3.0,일
2021-04-12 00:00:00.000,1770,110140,449,2021-04-12,00:00,2021-10-07 10:30:51.51,8152781.0,1.366919627,587.0,2.0,월
2021-04-13 00:00:00.000,1775,110682,450,2021-04-13,00:00,2021-10-07 10:30:51.51,8200517.0,1.36392993,542.0,5.0,화
2021-04-14 00:00:00.000,1782,111413,451,2021-04-14,00:00,2021-10-07 10:30:51.51,8245386.0,1.363557535,731.0,7.0,수
2021-04-15 00:00:00.000,1788,112111,452,2021-04-15,00:00,2021-10-07 10:30:51.51,8291124.0,1.363730967,698.0,6.0,목
2021-04-16 00:00:00.000,1790,112784,453,2021-04-16,00:00,2021-10-07 10:30:51.51,8333331.0,1.365019181,673.0,2.0,금
2021-04-17 00:00:00.000,1794,113442,454,2021-04-17,00:00,2021-10-07 10:30:51.51,8377778.0,1.365662265,658.0,4.0,토
2021-04-18 00:00:00.000,1797,114113,455,2021-04-18,00:00,2021-10-07 10:30:51.51,8396065.0,1.37091215,671.0,3.0,일
2021-04-19 00:00:00.000,1801,114645,456,2021-04-19,00:00,2021-10-07 10:30:51.51,8414820.0,1.373971918,532.0,4.0,월
2021-04-20 00:00:00.000,1802,115194,457,2021-04-20,00:00,2021-10-07 10:30:51.51,8458591.0,1.372664279,549.0,1.0,화
2021-04-21 00:00:00.000,1806,115925,458,2021-04-21,00:00,2021-10-07 10:30:51.51,8497593.0,1.375085969,731.0,4.0,수
2021-04-22 00:00:00.000,1808,116660,459,2021-04-22,00:00,2021-10-07 10:30:51.51,8537504.0,1.377272408,735.0,2.0,목
2021-04-23 00:00:00.000,1811,117457,460,2021-04-23,00:00,2021-10-07 10:30:51.51,8583529.0,1.374796777,797.0,3.0,금
2021-04-24 00:00:00.000,1812,118242,461,2021-04-24,00:00,2021-10-07 10:30:51.51,8632922.0,1.382195163,785.0,1.0,토
2021-04-25 00:00:00.000,1813,118886,462,2021-04-25,00:00,2021-10-07 10:30:51.51,8654790.0,1.386065198,644.0,1.0,일
2021-04-26 00:00:00.000,1817,119385,463,2021-04-26,00:00,2021-10-07 10:30:51.51,8672977.0,1.389022528,499.0,4.0,월
2021-04-27 00:00:00.000,1820,119897,464,2021-04-27,00:00,2021-10-07 10:30:51.51,8721608.0,1.386878116,512.0,3.0,화
2021-04-28 00:00:00.000,1821,120666,465,2021-04-28,00:00,2021-10-07 10:30:51.51,8766496.0,1.388668632,769.0,1.0,수
2021-04-29 00:00:00.000,1825,121345,466,2021-04-29,00:00,2021-10-07 10:30:51.51,8805778.0,1.390712113,679.0,4.0,목
2021-04-30 00:00:00.000,1828,122006,467,2021-04-30,00:00,2021-10-07 10:30:51.51,8848291.0,1.391844194,661.0,3.0,금
2021-05-01 00:00:00.000,1831,122633,468,2021-05-01,00:00,2021-10-07 10:30:51.51,8883387.0,1.393845883,627.0,3.0,토
2021-05-02 00:00:00.000,1833,123239,469,2021-05-02,00:00,2021-10-07 10:30:51.51,8898233.0,1.398595447,606.0,2.0,일
2021-05-03 00:00:00.000,1834,123727,470,2021-05-03,00:00,2021-10-07 10:30:51.51,8915325.0,1.401798692,488.0,1.0,월
2021-05-04 00:00:00.000,1840,124268,471,2021-05-04,00:00,2021-10-07 10:30:51.51,8957154.0,1.399562882,541.0,6.0,화
2021-05-05 00:00:00.000,1847,124944,472,2021-05-05,00:00,2021-10-07 10:30:51.51,8994068.0,1.401491609,676.0,7.0,수
2021-05-06 00:00:00.000,1851,125518,473,2021-05-06,00:00,2021-10-07 10:30:51.51,9010991.0,1.404957457,574.0,4.0,목
2021-05-07 00:00:00.000,1860,126043,474,2021-05-07,00:00,2021-10-07 10:30:51.51,9051353.0,1.404776863,525.0,9.0,금
2021-05-08 00:00:00.000,1865,126744,475,2021-05-08,00:00,2021-10-07 10:30:51.51,9089165.0,1.406562226,701.0,5.0,토
2021-05-09 00:00:00.000,1874,127308,476,2021-05-09,00:00,2021-10-07 10:30:51.51,9105770.0,1.410694676,564.0,9.0,일
2021-05-10 00:00:00.000,1875,127771,477,2021-05-10,00:00,2021-10-07 10:30:51.51,9122058.0,1.413605557,463.0,1.0,월
2021-05-11 00:00:00.000,1879,128281,478,2021-05-11,00:00,2021-10-07 10:30:51.51,9164283.0,1.412840025,510.0,4.0,화
2021-05-12 00:00:00.000,1884,128915,479,2021-05-12,00:00,2021-10-07 10:30:51.51,9201538.0,1.413966632,634.0,5.0,수
2021-05-13 00:00:00.000,1891,129630,480,2021-05-13,00:00,2021-10-07 10:30:51.51,9241152.0,1.416158717,715.0,7.0,목
2021-05-14 00:00:00.000,1893,130377,481,2021-05-14,00:00,2021-10-07 10:30:51.51,9281290.0,1.419288441,747.0,2.0,금
2021-05-15 00:00:00.000,1896,131058,482,2021-05-15,00:00,2021-10-07 10:30:51.51,9319093.0,1.421472325,681.0,3.0,토
2021-05-16 00:00:00.000,1900,131668,483,2021-05-16,00:00,2021-10-07 10:30:51.51,9336613.0,1.425757584,610.0,4.0,일
2021-05-17 00:00:00.000,1903,132287,484,2021-05-17,00:00,2021-10-07 10:30:51.51,9353299.0,1.429898627,619.0,3.0,월
2021-05-18 00:00:00.000,1904,132815,485,2021-05-18,00:00,2021-10-07 10:30:51.51,9395003.0,1.429410897,528.0,1.0,화
2021-05-19 00:00:00.000,1912,133469,486,2021-05-19,00:00,2021-10-07 10:30:51.51,9428643.0,1.431433582,654.0,8.0,수
2021-05-20 00:00:00.000,1916,134115,487,2021-05-20,00:00,2021-10-07 10:30:51.51,9447357.0,1.436153877,646.0,4.0,목
2021-05-21 00:00:00.000,1922,134676,488,2021-05-21,00:00,2021-10-07 10:30:51.51,9487107.0,1.4368562,561.0,6.0,금
2021-05-22 00:00:00.000,1926,135342,489,2021-05-22,00:00,2021-10-07 10:30:51.51,9520965.0,1.439286846,666.0,4.0,토
2021-05-23 00:00:00.000,1931,135927,490,2021-05-23,00:00,2021-10-07 10:30:51.51,9536298.0,1.443871791,585.0,5.0,일
2021-05-24 00:00:00.000,1934,136457,491,2021-05-24,00:00,2021-10-07 10:30:51.51,9553612.0,1.446605861,530.0,3.0,월
2021-05-25 00:00:00.000,1938,136973,492,2021-05-25,00:00,2021-10-07 10:30:51.51,9592726.0,1.445529521,516.0,4.0,화
2021-05-26 00:00:00.000,1940,137678,493,2021-05-26,00:00,2021-10-07 10:30:51.51,9629455.0,1.447963934,705.0,2.0,수
2021-05-27 00:00:00.000,1943,138307,494,2021-05-27,00:00,2021-10-07 10:30:51.51,9665690.0,1.449298446,629.0,3.0,목
2021-05-28 00:00:00.000,1946,138894,495,2021-05-28,00:00,2021-10-07 10:30:51.51,9702453.0,1.449896399,587.0,3.0,금
2021-05-29 00:00:00.000,1951,139427,496,2021-05-29,00:00,2021-10-07 10:30:51.51,9733588.0,1.450883775,533.0,5.0,토
2021-05-30 00:00:00.000,1957,139907,497,2021-05-30,00:00,2021-10-07 10:30:51.51,9747612.0,1.454165571,480.0,6.0,일
2021-05-31 00:00:00.000,1959,140337,498,2021-05-31,00:00,2021-10-14 13:48:56.821,9761156.0,1.4568051768,430.0,2.0,월
2021-06-01 00:00:00.000,1963,140796,499,2021-06-01,00:00,2021-10-07 10:30:51.51,9798400.0,1.455889634,459.0,4.0,화
2021-06-02 00:00:00.000,1965,141473,500,2021-06-02,00:00,2021-10-07 10:30:51.51,9834348.0,1.457668392,677.0,2.0,수
2021-06-03 00:00:00.000,1968,142154,501,2021-06-03,00:00,2021-10-07 10:30:51.51,9872322.0,1.459112138,681.0,3.0,목
2021-06-04 00:00:00.000,1969,142849,502,2021-06-04,00:00,2021-10-07 10:30:51.51,9911322.0,1.461000475,695.0,1.0,금
2021-06-05 00:00:00.000,1971,143593,503,2021-06-05,00:00,2021-10-07 10:30:51.51,9945952.0,1.463921944,744.0,2.0,토
2021-06-06 00:00:00.000,1973,144149,504,2021-06-06,00:00,2021-10-07 10:30:51.51,9959695.0,1.467429756,556.0,2.0,일
2021-06-07 00:00:00.000,1974,144634,505,2021-06-07,00:00,2021-10-07 10:30:51.51,9972295.0,1.470490004,485.0,1.0,월
2021-06-08 00:00:00.000,1975,145088,506,2021-06-08,00:00,2021-10-07 10:30:51.51,10008582.0,1.470090853,454.0,1.0,화
2021-06-09 00:00:00.000,1977,145690,507,2021-06-09,00:00,2021-10-07 10:30:51.51,10044782.0,1.469633196,602.0,2.0,수
2021-06-10 00:00:00.000,1979,146300,508,2021-06-10,00:00,2021-10-07 10:30:51.51,10076861.0,1.470864122,610.0,2.0,목
2021-06-11 00:00:00.000,1981,146856,509,2021-06-11,00:00,2021-10-07 10:30:51.51,10111063.0,1.471899741,556.0,2.0,금
2021-06-12 00:00:00.000,1982,147421,510,2021-06-12,00:00,2021-10-07 10:30:51.51,10140534.0,1.47151213,565.0,1.0,토
2021-06-13 00:00:00.000,1985,147873,511,2021-06-13,00:00,2021-10-07 10:30:51.51,10152906.0,1.474543917,452.0,3.0,일
2021-06-14 00:00:00.000,1988,148272,512,2021-06-14,00:00,2021-10-07 10:30:51.51,10165496.0,1.476508035,399.0,3.0,월
2021-06-15 00:00:00.000,1992,148645,513,2021-06-15,00:00,2021-10-07 10:30:51.51,10196468.0,1.475706268,373.0,4.0,화
2021-06-16 00:00:00.000,1993,149190,514,2021-06-16,00:00,2021-10-07 10:30:51.51,10229383.0,1.475577311,545.0,1.0,수
2021-06-17 00:00:00.000,1994,149730,515,2021-06-17,00:00,2021-10-07 10:30:51.51,10257835.0,1.477134747,540.0,1.0,목
2021-06-18 00:00:00.000,1996,150237,516,2021-06-18,00:00,2021-10-07 10:30:51.51,10294047.0,1.477516692,507.0,2.0,금
2021-06-19 00:00:00.000,1997,150719,517,2021-06-19,00:00,2021-10-07 10:30:51.51,10323153.0,1.478444312,482.0,1.0,토
2021-06-20 00:00:00.000,2002,151148,518,2021-06-20,00:00,2021-10-07 10:30:51.51,10335633.0,1.481179366,429.0,5.0,일
2021-06-21 00:00:00.000,2004,151505,519,2021-06-21,00:00,2021-10-07 10:30:51.51,10346046.0,1.48278272,357.0,2.0,월
2021-06-22 00:00:00.000,2006,151899,520,2021-06-22,00:00,2021-10-07 10:30:51.51,10380042.0,1.481520134,394.0,2.0,화
2021-06-23 00:00:00.000,2007,152544,521,2021-06-23,00:00,2021-10-07 10:30:51.51,10409948.0,1.483868388,645.0,1.0,수
2021-06-24 00:00:00.000,2008,153154,522,2021-06-24,00:00,2021-10-07 10:30:51.51,10438781.0,1.484365384,610.0,1.0,목
2021-06-25 00:00:00.000,2009,153788,523,2021-06-25,00:00,2021-10-07 10:30:51.51,10466544.0,1.486685106,634.0,1.0,금
2021-06-26 00:00:00.000,2012,154456,524,2021-06-26,00:00,2021-10-07 10:30:51.51,10495515.0,1.487880387,668.0,3.0,토
2021-06-27 00:00:00.000,2013,155070,525,2021-06-27,00:00,2021-10-07 10:30:51.51,10508677.0,1.492162323,614.0,1.0,일
2021-06-28 00:00:00.000,2015,155571,526,2021-06-28,00:00,2021-10-07 10:30:51.51,10520928.0,1.495000281,501.0,2.0,월
2021-06-29 00:00:00.000,2017,156166,527,2021-06-29,00:00,2021-10-07 10:30:51.51,10555740.0,1.496003116,595.0,2.0,화
2021-06-30 00:00:00.000,2018,156960,528,2021-06-30,00:00,2021-10-07 10:30:51.51,10579071.0,1.499862255,794.0,1.0,수
2021-07-01 00:00:00.000,2021,157721,529,2021-07-01,00:00,2021-10-07 10:30:51.51,10614315.0,1.503624138,761.0,3.0,목
2021-07-02 00:00:00.000,2024,158546,530,2021-07-02,00:00,2021-10-07 10:30:51.51,10641601.0,1.508391023,825.0,3.0,금
2021-07-03 00:00:00.000,2025,159340,531,2021-07-03,00:00,2021-10-07 10:30:51.51,10670616.0,1.512237172,794.0,1.0,토
2021-07-04 00:00:00.000,2026,160083,532,2021-07-04,00:00,2021-10-07 10:30:51.51,10685124.0,1.517543135,743.0,1.0,일
2021-07-05 00:00:00.000,2028,160794,533,2021-07-05,00:00,2021-10-07 10:30:51.51,10700133.0,1.521915262,711.0,2.0,월
2021-07-06 00:00:00.000,2032,161540,534,2021-07-06,00:00,2021-10-07 10:30:51.51,10735715.0,1.52482307,746.0,4.0,화
2021-07-07 00:00:00.000,2033,162751,535,2021-07-07,00:00,2021-10-07 10:30:51.51,10766500.0,1.531954059,1211.0,1.0,수
2021-07-08 00:00:00.000,2034,164026,536,2021-07-08,00:00,2021-10-07 10:30:51.51,10802780.0,1.539915705,1275.0,1.0,목
2021-07-09 00:00:00.000,2036,165342,537,2021-07-09,00:00,2021-10-07 10:30:51.51,10844215.0,1.547603102,1316.0,2.0,금
2021-07-10 00:00:00.000,2038,166720,538,2021-07-10,00:00,2021-10-07 10:30:51.51,10881638.0,1.556397131,1378.0,2.0,토
2021-07-11 00:00:00.000,2043,168044,539,2021-07-11,00:00,2021-10-07 10:30:51.51,10902276.0,1.566666486,1324.0,5.0,일
2021-07-12 00:00:00.000,2044,169144,540,2021-07-12,00:00,2021-10-07 10:30:51.51,10919896.0,1.574131766,1100.0,1.0,월
2021-07-13 00:00:00.000,2046,170294,541,2021-07-13,00:00,2021-10-07 10:30:51.51,10964297.0,1.578964888,1150.0,2.0,화
2021-07-14 00:00:00.000,2048,171907,542,2021-07-14,00:00,2021-10-07 10:30:51.51,11008857.0,1.587769115,1613.0,2.0,수
2021-07-15 00:00:00.000,2050,173506,543,2021-07-15,00:00,2021-10-07 10:30:51.51,11060454.0,1.598253496,1599.0,2.0,목
2021-07-16 00:00:00.000,2051,175041,544,2021-07-16,00:00,2021-10-07 10:30:51.51,11108582.0,1.60729781,1535.0,1.0,금
2021-07-17 00:00:00.000,2055,176490,545,2021-07-17,00:00,2021-10-07 10:30:51.51,11149223.0,1.615973942,1449.0,4.0,토
2021-07-18 00:00:00.000,2057,177943,546,2021-07-18,00:00,2021-10-07 10:30:51.51,11175977.0,1.630927675,1453.0,2.0,일
2021-07-19 00:00:00.000,2058,179194,547,2021-07-19,00:00,2021-10-07 10:30:51.51,11202429.0,1.634722225,1251.0,1.0,월
2021-07-20 00:00:00.000,2059,180472,548,2021-07-20,00:00,2021-10-07 10:30:51.51,11251982.0,1.639564831,1278.0,1.0,화
2021-07-21 00:00:00.000,2060,182253,549,2021-07-21,00:00,2021-10-07 10:30:51.51,11298669.0,1.649873688,1781.0,1.0,수
2021-07-22 00:00:00.000,2063,184094,550,2021-07-22,00:00,2021-10-07 10:30:51.51,11343913.0,1.662335814,1841.0,3.0,목
2021-07-23 00:00:00.000,2066,185723,551,2021-07-23,00:00,2021-10-07 10:30:51.51,11388299.0,1.671630834,1629.0,3.0,금
2021-07-24 00:00:00.000,2068,187350,552,2021-07-24,00:00,2021-10-07 10:30:51.51,11430518.0,1.67939231,1627.0,2.0,토
2021-07-25 00:00:00.000,2073,188837,553,2021-07-25,00:00,2021-10-07 10:30:51.51,11453340.0,1.689275533,1487.0,5.0,일
2021-07-26 00:00:00.000,2077,190155,554,2021-07-26,00:00,2021-10-07 10:30:51.51,11472339.0,1.699126896,1318.0,4.0,월
2021-07-27 00:00:00.000,2079,191518,555,2021-07-27,00:00,2021-10-07 10:30:51.51,11528602.0,1.707057587,1363.0,2.0,화
2021-07-28 00:00:00.000,2083,193413,556,2021-07-28,00:00,2021-10-07 10:30:51.51,11585607.0,1.717447696,1895.0,4.0,수
2021-07-29 00:00:00.000,2085,195086,557,2021-07-29,00:00,2021-10-07 10:30:51.51,11637500.0,1.727162415,1673.0,2.0,목
2021-07-30 00:00:00.000,2089,196796,558,2021-07-30,00:00,2021-10-07 10:30:51.51,11682962.0,1.737598412,1710.0,4.0,금
2021-07-31 00:00:00.000,2095,198334,559,2021-07-31,00:00,2021-10-07 10:30:51.51,11728815.0,1.745957213,1538.0,6.0,토
2021-08-01 00:00:00.000,2098,199776,560,2021-08-01,00:00,2021-10-07 10:30:51.51,11751780.0,1.756553576,1442.0,3.0,일
2021-08-02 00:00:00.000,2099,200994,561,2021-08-02,00:00,2021-10-07 10:30:51.51,11772599.0,1.765361674,1218.0,1.0,월
2021-08-03 00:00:00.000,2104,202194,562,2021-08-03,00:00,2021-10-07 10:30:51.51,11820011.0,1.765622622,1200.0,5.0,화
2021-08-04 00:00:00.000,2106,203919,563,2021-08-04,00:00,2021-10-07 10:30:51.51,11864240.0,1.77841233,1725.0,2.0,수
2021-08-05 00:00:00.000,2109,205694,564,2021-08-05,00:00,2021-10-07 10:30:51.51,11908430.0,1.789742069,1775.0,3.0,목
2021-08-06 00:00:00.000,2113,207398,565,2021-08-06,00:00,2021-10-07 10:30:51.51,11951646.0,1.799611891,1704.0,4.0,금
2021-08-07 00:00:00.000,2116,209221,566,2021-08-07,00:00,2021-10-07 10:30:51.51,11995923.0,1.811282604,1823.0,3.0,토
2021-08-08 00:00:00.000,2121,210948,567,2021-08-08,00:00,2021-10-28 20:31:36.737,12027437.0,1.8246269102,1727.0,5.0,일
2021-08-09 00:00:00.000,2125,212439,568,2021-08-09,00:00,2021-10-28 20:27:36.514,12057824.0,1.8329008458,1491.0,4.0,월
2021-08-10 00:00:00.000,2134,213976,569,2021-08-10,00:00,2021-10-28 20:27:07.024,12112079.0,1.8373099383,1537.0,9.0,화
2021-08-11 00:00:00.000,2135,216197,570,2021-08-11,00:00,2021-10-28 20:26:29.769,12156192.0,1.8528855321,2221.0,1.0,수
2021-08-12 00:00:00.000,2138,218184,571,2021-08-12,00:00,2021-10-28 20:25:41.348,12207035.0,1.8653085221,1987.0,3.0,목
2021-08-13 00:00:00.000,2144,220173,572,2021-08-13,00:00,2021-10-28 20:20:39.71,12257959.0,1.8788618674,1989.0,6.0,금
2021-08-14 00:00:00.000,2148,222101,573,2021-08-14,00:00,2021-10-28 20:19:59.1,12309273.0,1.8907735433,1928.0,4.0,토
2021-08-15 00:00:00.000,2156,223917,574,2021-08-15,00:00,2021-10-28 20:19:10.498,12344711.0,1.9041241268,1816.0,8.0,일
2021-08-16 00:00:00.000,2167,225471,575,2021-08-16,00:00,2021-10-28 20:18:00.209,12372769.0,1.9144144144,1554.0,11.0,월
2021-08-17 00:00:00.000,2173,226843,576,2021-08-17,00:00,2021-10-28 20:17:26.816,12404969.0,1.8771729143,1372.0,6.0,화
2021-08-18 00:00:00.000,2178,228646,577,2021-08-18,00:00,2021-10-28 20:16:22.884,12461676.0,1.9332627544,1803.0,5.0,수
2021-08-19 00:00:00.000,2191,230798,578,2021-08-19,00:00,2021-10-28 19:58:28.318,12518695.0,1.9450436142,2152.0,13.0,목
2021-08-20 00:00:00.000,2197,232938,579,2021-08-20,00:00,2021-10-28 19:57:43.769,12567090.0,1.9562292672,2140.0,6.0,금
2021-08-21 00:00:00.000,2202,234725,580,2021-08-21,00:00,2021-10-28 19:56:39.865,12632591.0,1.9618302101,1787.0,5.0,토
2021-08-22 00:00:00.000,2215,236351,581,2021-08-22,00:00,2021-10-28 19:55:44.759,12664332.0,1.9719111271,1626.0,13.0,일
2021-08-23 00:00:00.000,2222,237768,582,2021-08-23,00:00,2021-10-28 19:55:03.137,12694018.0,1.9806118815,1417.0,7.0,월
2021-08-24 00:00:00.000,2228,239275,583,2021-08-24,00:00,2021-10-28 19:54:27.094,12749751.0,1.9837816985,1507.0,6.0,화
2021-08-25 00:00:00.000,2237,241429,584,2021-08-25,00:00,2021-10-28 19:53:45.286,12806608.0,1.9937943791,2154.0,9.0,수
2021-08-26 00:00:00.000,2257,243311,585,2021-08-26,00:00,2021-10-28 19:53:00.801,12866797.0,2.0015386389,1882.0,20.0,목
2021-08-27 00:00:00.000,2265,245148,586,2021-08-27,00:00,2021-10-28 19:52:24.206,12927789.0,2.007877595,1837.0,8.0,금
2021-08-28 00:00:00.000,2276,246939,587,2021-08-28,00:00,2021-10-28 19:51:25.711,12983486.0,2.0174245601,1791.0,11.0,토
2021-08-29 00:00:00.000,2279,248558,588,2021-08-29,00:00,2021-10-28 19:50:42.937,13015921.0,2.0284939755,1619.0,3.0,일
2021-08-30 00:00:00.000,2284,250043,589,2021-08-30,00:00,2021-10-28 19:44:30.053,13049678.0,2.0357048445,1485.0,5.0,월
2021-08-31 00:00:00.000,2285,251413,590,2021-08-31,00:00,2021-10-28 19:43:17.524,13094711.0,2.0368097463,1370.0,1.0,화
2021-09-01 09:37:02.395,2292,253437,621,2021-09-01,00:00,2021-10-28 19:42:08.953,13152140.0,2.0486112823,2024.0,7.0,수
2021-09-02 09:37:25.055,2303,255397,622,2021-09-02,00:00,2021-10-28 19:41:37.871,13223511.0,2.0590600836,1960.0,11.0,목
2021-09-03 09:44:30.979,2308,257105,623,2021-09-03,00:00,2021-10-28 19:40:56.019,13286677.0,2.0631981163,1708.0,5.0,금
2021-09-04 09:41:36.458,2315,258908,624,2021-09-04,00:00,2021-10-28 19:40:31.254,13350356.0,2.0712936609,1803.0,7.0,토
2021-09-05 10:48:36.114,2321,260398,626,2021-09-05,00:00,2021-10-28 19:40:09.375,13382733.0,2.0818451237,1490.0,6.0,일
2021-09-06 09:43:09.889,2327,261773,627,2021-09-06,00:00,2021-10-28 19:39:41.096,13416743.0,2.0899330761,1375.0,6.0,월
2021-09-07 09:39:03.178,2330,263370,628,2021-09-07,00:00,2021-10-28 19:39:14.738,13468412.0,2.0933234213,1597.0,3.0,화
2021-09-08 09:39:50.468,2334,265417,629,2021-09-08,00:00,2021-10-28 19:38:49.98,13519664.0,2.1029508357,2047.0,4.0,수
2021-09-09 09:40:59.551,2343,267466,630,2021-09-09,00:00,2021-10-28 19:38:20.905,13568869.0,2.1108607132,2049.0,9.0,목
2021-09-10 09:40:06.372,2348,269359,631,2021-09-10,00:00,2021-10-28 19:22:17.484,13615055.0,2.1165404367,1893.0,5.0,금
2021-09-11 09:42:37.082,2358,271223,632,2021-09-11,00:00,2021-10-28 19:22:56.574,13665460.0,2.1238438972,1864.0,10.0,토
2021-09-12 09:35:58.190,2359,272978,633,2021-09-12,00:00,2021-10-28 19:21:16.406,13704173.0,2.133681795,1755.0,1.0,일
2021-09-13 09:40:59.629,2360,274411,634,2021-09-13,00:00,2021-10-28 19:20:08.897,13735740.0,2.1421622059,1433.0,1.0,월
2021-09-14 09:45:02.459,2367,275919,635,2021-09-14,00:00,2021-10-28 19:13:59.622,13790239.0,2.1429205506,1508.0,7.0,화
2021-09-15 09:51:20.667,2380,277984,636,2021-09-15,00:00,2021-10-28 19:14:12.98,13839087.0,2.1507521063,2065.0,13.0,수
2021-09-16 09:51:44.269,2386,279926,637,2021-09-16,00:00,2021-10-28 19:14:42.389,13890499.0,2.1581912906,1942.0,6.0,목
2021-09-17 10:15:01.593,2389,281934,638,2021-09-17,00:00,2021-10-28 19:14:59.754,13938955.0,2.1657706317,2008.0,3.0,금
2021-09-18 09:58:15.323,2394,284021,639,2021-09-18,00:00,2021-10-28 19:15:16.036,13986615.0,2.1732822659,2087.0,5.0,토
2021-09-19 09:31:46.109,2403,285930,640,2021-09-19,00:00,2021-09-29 20:06:48.46,14020498.0,2.1846289164,1909.0,9.0,일
2021-09-20 09:09:41.180,2409,287534,641,2021-09-20,00:00,2021-09-29 20:04:59.469,14050974.0,2.1953447092,1604.0,6.0,월
2021-09-21 09:39:49.437,2413,289263,642,2021-09-21,00:00,2021-09-29 20:03:48.311,14081284.0,2.2055202395,1729.0,4.0,화
2021-09-22 09:35:53.930,2419,290983,643,2021-09-22,00:00,2021-09-29 20:01:46.502,14112435.0,2.2187986844,1720.0,6.0,수
2021-09-23 10:01:14.491,2427,292698,644,2021-09-23,00:00,2021-10-28 19:04:10.216,14151069.0,2.2315508683,1715.0,8.0,목
2021-09-24 09:53:29.116,2434,295127,645,2021-09-24,00:00,2021-10-28 19:03:18.131,14221682.0,2.2373051937,2429.0,7.0,금
2021-09-25 10:49:15.225,2441,298397,646,2021-09-25,00:00,2021-10-27 21:20:33.866,14285337.0,2.2556083498,3270.0,7.0,토
2021-09-26 09:38:04.296,2450,301165,647,2021-09-26,00:00,2021-11-01 06:38:11.541,14325932.0,2.2765394695,2768.0,9.0,일
2021-09-27 10:08:41.366,2456,303546,648,2021-09-27,00:00,2021-11-01 06:38:21.019,14365928.0,2.2916366729,2381.0,6.0,월
2021-09-28 09:57:34.945,2464,305834,649,2021-09-28,00:00,2021-11-01 06:38:31.954,14425565.0,2.3012044013,2288.0,8.0,화
2021-09-29 09:58:03.378,2474,308715,650,2021-09-29,00:00,2021-11-01 06:38:56.4,14485251.0,2.3128818186,2881.0,10.0,수
2021-09-30 09:58:40.205,2481,311276,651,2021-09-30,00:00,2021-11-01 06:39:07.437,14544246.0,2.3238937994,2561.0,7.0,목
2021-10-01 09:57:42.109,2497,313760,652,2021-10-01,00:00,2021-11-01 06:39:17.105,14596211.0,2.3367517214,2484.0,16.0,금
2021-10-02 09:52:30.389,2504,316007,653,2021-10-02,00:00,2021-11-01 06:39:30.832,14644685.0,2.3468498991,2247.0,7.0,토
2021-10-03 10:22:27.003,2507,318092,654,2021-10-03,00:00,2021-10-28 09:26:02.548,14675115.0,2.3610926678,2085.0,3.0,일
2021-10-04 09:50:15.715,2513,319762,655,2021-10-04,00:00,2021-10-28 09:26:15.517,14701211.0,2.3712389557,1670.0,6.0,월
2021-10-05 09:54:11.433,2524,321336,656,2021-10-05,00:00,2021-10-28 09:26:38.781,14731627.0,2.3797170401,1574.0,11.0,화
2021-10-06 09:49:43.197,2536,323363,657,2021-10-06,00:00,2021-10-28 09:26:50.574,14780938.0,2.384482953,2027.0,12.0,수
2021-10-07 09:48:27.592,2544,325788,658,2021-10-07,00:00,2021-10-28 09:27:02.424,14833965.0,2.3965178152,2425.0,8.0,목
2021-10-08 09:46:59.694,2554,327959,659,2021-10-08,00:00,2021-10-28 09:27:22.408,14882186.0,2.4027481497,2171.0,10.0,금
2021-10-09 09:42:58.176,2560,329912,660,2021-10-09,00:00,2021-10-28 09:27:35.791,14925863.0,2.4118597481,1953.0,6.0,토
2021-10-10 09:40:09.109,2575,331506,661,2021-10-10,00:00,2021-10-28 09:27:46.567,14951646.0,2.4215310314,1594.0,15.0,일
2021-10-11 09:36:36.635,2583,332803,662,2021-10-11,00:00,2021-10-28 09:28:03.328,14977407.0,2.4253840387,1297.0,8.0,월
2021-10-12 10:34:11.074,2594,334149,663,2021-10-12,00:00,2021-10-28 09:28:16.636,15007572.0,2.4335792555,1346.0,11.0,화
2021-10-13 09:35:45.020,2605,335732,664,2021-10-13,00:00,2021-10-28 09:28:28.48,15062412.0,2.436982744,1583.0,11.0,수
2021-10-14 09:34:17.552,2618,337671,665,2021-10-14,00:00,2021-10-28 09:28:39.581,15106360.0,2.4451502864,1939.0,13.0,목
2021-10-15 09:39:06.702,2626,339354,666,2021-10-15,00:00,2021-10-28 19:13:07.804,15152521.0,2.4513858745,1683.0,8.0,금
2021-10-16 09:35:29.169,2644,340971,667,2021-10-16,00:00,2021-10-28 09:29:35.805,15198187.0,2.4521548219,1617.0,18.0,토
2021-10-17 10:04:43.410,2660,342391,668,2021-10-17,00:00,2021-10-28 09:29:46.068,15220864.0,2.4617514369,1420.0,16.0,일
2021-10-18 09:39:38.125,2668,343441,669,2021-10-18,00:00,2021-10-28 09:29:55.295,15246346.0,2.466224513,1050.0,8.0,월
2021-10-19 09:37:01.052,2689,344514,670,2021-10-19,00:00,2021-10-28 09:30:04.103,15296830.0,2.4655589015,1073.0,21.0,화
2021-10-20 09:37:29.360,2698,346085,671,2021-10-20,00:00,2021-10-28 09:30:16.686,15344729.0,2.4685802309,1571.0,9.0,수
2021-10-21 09:43:46.670,2709,347526,672,2021-10-21,00:00,2021-10-28 09:30:26.032,15392004.0,2.4721894162,1441.0,11.0,목
2021-10-22 09:40:09.614,2725,348964,673,2021-10-22,00:00,2021-10-28 09:30:42.515,15437382.0,2.4731308076,1438.0,16.0,금
2021-10-23 10:02:54.872,2745,350472,674,2021-10-23,00:00,2021-10-28 09:30:49.899,15481469.0,2.4782031513,1508.0,20.0,토
2021-10-24 09:33:19.080,2766,351893,675,2021-10-24,00:00,2021-10-30 09:45:50.551,15504979.0,2.4867673642,1421.0,21.0,일
2021-10-25 09:45:03.736,2773,353083,676,2021-10-25,00:00,2021-10-30 09:44:54.809,15530472.0,2.4931384199,1190.0,7.0,월
2021-10-26 09:39:33.439,2788,354355,677,2021-10-26,00:00,2021-10-26 19:11:36.585,15579430.0,2.4932471843,1272.0,15.0,화
2021-10-27 10:10:24.763,2797,356300,679,2021-10-27,00:00,2021-10-30 09:44:12.063,15628306.0,2.5019099621,1945.0,9.0,수
2021-10-28 09:33:44.198,2808,358411,680,2021-10-28,00:00,2021-11-01 06:34:15.071,15678186.0,2.5082902607,2111.0,11.0,목
2021-10-29 09:31:17.460,2817,360532,681,2021-10-29,00:00,2021-11-04 09:32:05.724,15730782.0,2.5085565147,2121.0,9.0,금
2021-10-30 09:42:07.803,2830,362636,682,2021-10-30,00:00,2021-11-04 09:31:55.49,15775697.0,2.5166866619,2104.0,13.0,토
2021-10-31 09:17:32.729,2849,364697,683,2021-10-31,00:00,2021-11-04 09:31:44.097,15804062.0,2.5296141387,2061.0,19.0,일
2021-11-01 06:42:25.145,2858,366382,684,2021-11-01,00:00,2021-11-04 09:31:23.547,15849300.0,2.5398746637,1685.0,9.0,월
2021-11-02 09:30:05.194,2874,367970,685,2021-11-02,00:00,2021-11-04 09:31:12.867,15905185.0,2.5445079716,1588.0,16.0,화
2021-11-03 09:28:24.308,2892,370637,686,2021-11-03,00:00,2021-11-10 09:30:45.522,15953526.0,2.5556917627,2667.0,18.0,수
2021-11-04 09:27:32.684,2916,373119,687,2021-11-04,00:00,2021-11-10 09:30:32.046,16001231.0,2.5668151436,2482.0,24.0,목
2021-11-05 09:27:51.190,2936,375462,688,2021-11-05,00:00,2021-11-10 09:31:04.838,16051667.0,2.5757787802,2343.0,20.0,금
2021-11-06 09:37:28.182,2956,377708,689,2021-11-06,00:00,2021-11-10 09:31:27.892,16099185.0,2.5822658496,2246.0,20.0,토
2021-11-07 09:29:07.692,2967,379933,690,2021-11-07,00:00,2021-11-10 09:31:43.446,16130872.0,2.5963907494,2225.0,11.0,일
2021-11-08 09:28:41.663,2980,381687,691,2021-11-08,00:00,2021-11-13 09:42:01.038,16160828.0,2.6067095314,1754.0,13.0,월
2021-11-09 09:24:09.116,2998,383404,692,2021-11-09,00:00,2021-11-13 09:41:17.955,16212870.0,2.6095236409,1717.0,18.0,화
2021-11-10 09:28:27.999,3012,385829,693,2021-11-10,00:00,2021-11-13 09:40:59.266,16261877.0,2.6177317437,2425.0,14.0,수
2021-11-11 09:27:17.639,3033,388347,694,2021-11-11,00:00,2021-11-18 09:08:03.088,16312771.0,2.6310586971,2518.0,21.0,목
2021-11-12 09:27:05.279,3051,390715,695,2021-11-12,00:00,2021-11-18 09:08:13.992,16361028.0,2.6423856059,2368.0,18.0,금
2021-11-13 09:30:57.908,3083,393039,696,2021-11-13,00:00,2021-11-18 09:08:25.526,16408598.0,2.6527467749,2324.0,32.0,토
2021-11-14 09:44:03.248,3103,395457,697,2021-11-14,00:00,2021-11-18 09:08:34.921,16440427.0,2.6672941166,2418.0,20.0,일
2021-11-15 09:35:56.024,3115,397461,698,2021-11-15,00:00,2021-11-23 09:01:48.978,16470969.0,2.6790554752,2004.0,12.0,월
2021-11-16 08:39:32.225,3137,399583,699,2021-11-16,00:00,2021-11-23 09:01:35.496,16525384.0,2.6803405626,2122.0,22.0,화
2021-11-17 08:48:17.282,3158,402772,700,2021-11-17,00:00,2021-11-23 09:01:22.695,16575880.0,2.6964960387,3189.0,21.0,수
2021-11-18 08:34:37.757,3187,406064,701,2021-11-18,00:00,2021-11-23 09:01:10.675,16631273.0,2.7106180403,3292.0,29.0,목
2021-11-19 08:54:43.169,3215,409097,702,2021-11-19,00:00,2021-11-26 09:28:44.079,16684168.0,2.7234260964,3033.0,28.0,금
2021-11-20 08:51:26.319,3244,412302,703,2021-11-20,00:00,2021-11-26 09:28:52.855,16740119.0,2.7401775942,3205.0,29.0,토
2021-11-21 09:05:22.138,3274,415422,704,2021-11-21,00:00,2021-11-26 09:29:24.197,16777679.0,2.7608226124,3120.0,30.0,일
2021-11-22 09:07:45.615,3298,418249,705,2021-11-22,00:00,2021-11-26 09:29:38.144,16816616.0,2.7782488467,2827.0,24.0,월
2021-11-23 08:59:47.863,3328,420946,706,2021-11-23,00:00,2021-11-30 09:06:13.348,16878955.0,2.7879081456,2697.0,30.0,화
2021-11-24 09:08:22.071,3362,425059,707,2021-11-24,00:00,2021-12-02 09:06:01.826,16939923.0,,4113.0,34.0,수
2021-11-25 09:00:47.897,3401,428996,708,2021-11-25,00:00,2021-12-02 09:06:12.94,16998733.0,,3937.0,39.0,목
2021-11-26 09:03:03.973,3440,432892,709,2021-11-26,00:00,2021-12-02 09:06:24.138,17056003.0,,3896.0,39.0,금
2021-11-27 09:32:36.026,3492,436959,710,2021-11-27,00:00,2021-12-02 09:06:37.327,17115754.0,,4067.0,52.0,토
2021-11-28 08:58:53.394,3548,440884,711,2021-11-28,00:00,2021-12-02 09:06:50.152,17158535.0,,3925.0,56.0,일
2021-11-29 09:05:16.736,3580,444191,712,2021-11-29,00:00,2021-12-12 08:49:29.039,17200325.0,,3307.0,32.0,월
2021-11-30 09:02:25.810,3624,447222,713,2021-11-30,00:00,2021-12-12 08:49:40.135,17265258.0,,3031.0,44.0,화
2021-12-01 09:01:08.270,3658,452344,714,2021-12-01,00:00,2021-12-12 08:49:50.763,17329295.0,,5122.0,34.0,수
2021-12-02 19:20:16.000,3705,457607,715,2021-12-02,00:00,2021-12-12 08:50:00.156,17391434.0,,5263.0,47.0,목
2021-12-03 09:09:08.418,3739,462551,716,2021-12-03,00:00,2021-12-12 08:50:09.419,17457487.0,,4944.0,34.0,금
2021-12-04 09:08:47.492,3809,467903,717,2021-12-04,00:00,2021-12-12 08:50:18.992,17527015.0,,5352.0,70.0,토
2021-12-05 08:34:20.927,3852,473028,718,2021-12-05,00:00,2021-12-14 09:35:51.094,17577570.0,,5125.0,43.0,일
2021-12-06 09:00:01.230,3893,477352,719,2021-12-06,00:00,2021-12-14 09:35:42.827,17628218.0,,4324.0,41.0,월
2021-12-07 09:03:37.814,3957,482305,720,2021-12-07,00:00,2021-12-15 09:03:25.128,17709512.0,,4953.0,64.0,화
2021-12-08 08:56:34.509,4020,489478,721,2021-12-08,00:00,2021-12-17 09:07:45.766,17787657.0,,7173.0,63.0,수
2021-12-09 09:05:11.285,4077,496853,722,2021-12-09,00:00,2021-12-17 09:07:54.162,17870821.0,,7375.0,57.0,목
2021-12-10 09:04:53.786,4130,503601,723,2021-12-10,00:00,2021-12-17 09:08:03.447,17950721.0,,6748.0,53.0,금
2021-12-11 06:19:00.000,4210,510578,724,2021-12-11,00:00,,18024403.0,,6977.0,80.0,토
2021-12-12 08:35:19.089,4252,517259,725,2021-12-12,00:00,2021-12-20 09:03:46.785,18084589.0,,6681.0,42.0,일
2021-12-13 09:00:10.891,4292,523075,726,2021-12-13,00:00,2021-12-22 09:19:51.783,18140572.0,,5816.0,40.0,월
2021-12-14 09:05:48.519,4386,528642,727,2021-12-14,00:00,2021-12-22 09:20:01.681,18224740.0,,5567.0,94.0,화
2021-12-15 09:02:08.087,4456,536491,728,2021-12-15,00:00,2021-12-25 07:34:57.519,18298675.0,,7849.0,70.0,수
2021-12-16 09:09:11.111,4518,544110,729,2021-12-16,00:00,2021-12-25 07:35:06.184,18381569.0,,7619.0,62.0,목
2021-12-17 09:07:19.970,4591,551544,730,2021-12-17,00:00,2021-12-25 07:35:15.466,18460563.0,,7434.0,73.0,금
2021-12-18 09:10:13.455,4644,558854,731,2021-12-18,00:00,2021-12-26 08:00:22.206,18539009.0,,7310.0,53.0,토
2021-12-19 09:00:28.825,4722,565087,732,2021-12-19,00:00,2021-12-26 08:00:34.995,18593165.0,,6233.0,78.0,일
2021-12-20 09:02:35.235,4776,570403,733,2021-12-20,00:00,2021-12-26 08:00:45.727,18645857.0,,5316.0,54.0,월
2021-12-21 09:01:45.740,4828,575595,734,2021-12-21,00:00,2021-12-29 08:57:08.866,18718803.0,,5192.0,52.0,화
2021-12-22 09:18:12.299,4906,583047,735,2021-12-22,00:00,2021-12-30 09:07:39.267,18786344.0,,7452.0,78.0,수
2021-12-23 08:52:40.512,5015,589961,736,2021-12-23,00:00,2021-12-31 09:05:02.888,18859285.0,,6914.0,109.0,목
2021-12-24 09:02:52.845,5071,596194,737,2021-12-24,00:00,2021-12-31 09:05:10.596,18929158.0,,6233.0,56.0,금
2021-12-25 07:33:26.751,5176,602034,738,2021-12-25,00:00,2022-01-01 12:55:55.606,18994820.0,,5840.0,105.0,토
2021-12-26 07:59:54.187,5245,607447,739,2021-12-26,00:00,2022-01-03 08:59:43.368,19040194.0,,5413.0,69.0,일
2021-12-27 08:59:50.623,5300,611650,740,2021-12-27,00:00,2022-01-04 09:05:27.24,19082135.0,,4203.0,55.0,월
2021-12-28 09:01:15.646,5346,615514,741,2021-12-28,00:00,2022-01-04 09:05:38.235,19141481.0,,3864.0,46.0,화
2021-12-29 08:56:22.982,5382,620921,742,2021-12-29,00:00,2022-01-04 09:05:44.529,19196738.0,,5407.0,36.0,수
2021-12-30 09:06:07.060,5455,625955,743,2021-12-30,00:00,2022-01-04 09:05:54.411,19251165.0,,5034.0,73.0,목
2021-12-31 09:04:09.350,5563,630828,744,2021-12-31,00:00,2022-01-08 09:39:49.89,19309072.0,,4873.0,108.0,금
2022-01-01 09:02:39.218,5625,635243,745,2022-01-01,00:00,2022-01-08 09:40:05.3,19364122.0,,4415.0,62.0,토
2022-01-02 08:57:24.688,5694,639074,746,2022-01-02,00:00,2022-01-08 09:40:16.808,19456900.0,,3831.0,69.0,일
2022-01-03 08:58:35.591,5730,642199,747,2022-01-03,00:00,2022-01-08 09:40:28.974,19546883.0,,3125.0,36.0,월
2022-01-04 09:04:35.476,5781,645220,748,2022-01-04,00:00,2022-01-12 09:09:14.713,19671880.0,,3021.0,51.0,화
2022-01-05 09:01:59.247,5838,649661,749,2022-01-05,00:00,2022-01-12 09:09:21.324,19778824.0,,4441.0,57.0,수
2022-01-06 08:59:04.372,5887,653783,750,2022-01-06,00:00,2022-01-14 09:00:27.23,19875047.0,,4122.0,49.0,목
2022-01-07 09:04:22.334,5932,657496,751,2022-01-07,00:00,2022-01-14 09:00:38.585,19971712.0,,3713.0,45.0,금
2022-01-08 08:38:42.084,5986,661003,752,2022-01-08,00:00,2022-01-16 11:07:34.017,20046220.0,,3507.0,54.0,토
2022-01-09 08:47:53.411,6037,664374,753,2022-01-09,00:00,2022-01-16 11:07:25.748,20099870.0,,3371.0,51.0,일
2022-01-10 09:06:03.096,6071,667379,754,2022-01-10,00:00,2022-01-16 11:07:18.403,20148476.0,,3005.0,34.0,월
2022-01-11 09:07:41.087,6114,670471,755,2022-01-11,00:00,2022-01-24 14:20:11.807,20215297.0,,3092.0,43.0,화
2022-01-12 09:08:49.646,6166,674854,756,2022-01-12,00:00,2022-01-19 09:03:22.963,20277357.0,,4383.0,52.0,수
2022-01-13 08:43:16.692,6210,679018,757,2022-01-13,00:00,2022-01-19 09:03:32.883,20329715.0,,4164.0,44.0,목
2022-01-14 08:59:27.905,6259,683556,758,2022-01-14,00:00,2022-01-19 09:03:44.328,20389154.0,,4538.0,49.0,금
2022-01-15 08:17:22.717,6281,687975,759,2022-01-15,00:00,2022-01-20 09:15:33.87,20446099.0,,4419.0,22.0,토
2022-01-16 09:31:40.897,6310,692164,760,2022-01-16,00:00,2022-01-28 09:06:48.796,20489023.0,,4189.0,29.0,일
2022-01-17 09:03:38.424,6333,696018,761,2022-01-17,00:00,2022-01-28 09:06:55.793,20527722.0,,3854.0,23.0,월
2022-01-18 09:03:38.280,6378,700080,762,2022-01-18,00:00,2022-01-28 09:07:01.638,20588481.0,,4062.0,45.0,화
2022-01-19 09:01:30.801,6452,705883,763,2022-01-19,00:00,2022-01-28 09:07:08.094,20649522.0,,5803.0,74.0,수
2022-01-20 09:15:13.261,6480,712483,764,2022-01-20,00:00,2022-01-28 09:07:20.195,20709568.0,,6600.0,28.0,목
2022-01-21 08:55:49.630,6501,719249,765,2022-01-21,00:00,2022-01-28 09:07:28.893,20765930.0,,6766.0,21.0,금
2022-01-22 07:26:15.458,6529,726253,766,2022-01-22,00:00,2022-02-02 09:06:40.166,20838500.0,,7004.0,28.0,토
2022-01-23 08:13:23.247,6540,733879,767,2022-01-23,00:00,2022-02-02 09:06:30.706,20892539.0,,7626.0,11.0,일
2022-01-24 08:59:37.815,6565,741390,768,2022-01-24,00:00,2022-02-02 09:06:21.743,20943638.0,,7511.0,25.0,월
2022-01-25 08:58:23.511,6588,749960,769,2022-01-25,00:00,2022-02-02 09:06:12.847,21026346.0,,8570.0,23.0,화
2022-01-26 08:59:34.440,6620,762969,770,2022-01-26,00:00,2022-02-02 09:06:04.543,21110639.0,,13009.0,32.0,수
2022-01-27 09:04:10.687,6654,777483,771,2022-01-27,00:00,2022-02-02 09:05:52.264,21196354.0,,14514.0,34.0,목
2022-01-28 09:04:52.588,6678,793576,772,2022-01-28,00:00,2022-02-04 08:58:55.443,21269304.0,,16093.0,24.0,금
2022-01-29 08:46:05.752,6712,811089,773,2022-01-29,00:00,2022-02-04 08:59:02.84,21377393.0,,17513.0,34.0,토
2022-01-30 09:13:00.269,6732,828611,774,2022-01-30,00:00,2022-02-07 09:05:54.937,21448119.0,,17522.0,20.0,일
2022-01-31 09:22:37.347,6755,845688,775,2022-01-31,00:00,2022-02-07 09:06:04.861,21518073.0,,17077.0,23.0,월
2022-02-01 09:06:24.411,6772,864026,776,2022-02-01,00:00,2022-02-09 13:04:21.424,21518073.0,,18338.0,17.0,화
2022-02-02 09:04:49.920,6787,884294,777,2022-02-02,00:00,2022-02-09 13:04:29.013,21518073.0,,20268.0,15.0,수
2022-02-03 08:46:14.856,6812,907200,778,2022-02-03,00:00,2022-02-09 13:04:42.741,21518073.0,,22906.0,25.0,목
2022-02-04 08:58:40.476,6836,934638,779,2022-02-04,00:00,2022-02-09 13:04:52.382,21518073.0,,27438.0,24.0,금
2022-02-05 10:25:08.782,6858,970983,780,2022-02-05,00:00,2022-02-09 13:05:01.221,21518073.0,,36345.0,22.0,토
2022-02-06 09:21:40.142,6873,1009672,781,2022-02-06,00:00,2022-02-09 13:05:11.818,21518073.0,,38689.0,15.0,일
2022-02-07 09:01:20.800,6886,1044955,782,2022-02-07,00:00,2022-02-09 13:05:22.271,21518073.0,,35283.0,13.0,월
2022-02-08 10:14:19.994,6922,1081672,783,2022-02-08,00:00,2022-02-09 13:05:32.357,21518073.0,,36717.0,36.0,화
2022-02-09 10:37:00.080,6943,1131239,784,2022-02-09,00:00,,21518073.0,,49567.0,21.0,수
2022-02-10 09:04:23.377,6963,1185361,785,2022-02-10,00:00,2022-02-10 09:06:18.131,21518073.0,,54122.0,20.0,목
2022-02-11 08:37:42.029,7012,1239264,786,2022-02-11,00:00,2022-02-12 22:25:54.07,21518073.0,,53903.0,49.0,금
2022-02-12 09:06:44.105,7045,1294199,787,2022-02-12,00:00,2022-02-13 08:50:59.578,21518073.0,,54935.0,33.0,토
2022-02-13 08:50:26.798,7081,1350627,788,2022-02-13,00:00,2022-02-14 09:03:09.631,21518073.0,,56428.0,36.0,일
2022-02-14 09:01:51.395,7102,1405244,789,2022-02-14,00:00,2022-02-15 09:02:24.905,21518073.0,,54617.0,21.0,월
2022-02-15 09:01:44.846,7163,1462408,790,2022-02-15,00:00,2022-02-16 09:20:55.138,21518073.0,,57164.0,61.0,화
2022-02-16 09:20:27.800,7202,1552843,791,2022-02-16,00:00,2022-02-17 08:52:33.561,21518073.0,,90435.0,39.0,수
2022-02-17 08:52:05.139,7238,1645975,792,2022-02-17,00:00,2022-02-18 09:05:35.842,21518073.0,,93132.0,36.0,목
2022-02-18 09:04:59.618,7283,1755798,793,2022-02-18,00:00,2022-02-19 09:00:52.083,21518073.0,,109823.0,45.0,금
2022-02-19 09:00:04.109,7354,1858008,794,2022-02-19,00:00,2022-02-20 08:52:45.133,21518073.0,,102210.0,71.0,토
2022-02-20 08:51:11.122,7405,1962822,795,2022-02-20,00:00,2022-02-21 09:05:38.992,21518073.0,,104814.0,51.0,일
2022-02-21 09:05:08.307,7450,2058161,796,2022-02-21,00:00,2022-02-22 09:07:07.41,21518073.0,,95339.0,45.0,월
2022-02-22 09:06:38.772,7508,2157730,797,2022-02-22,00:00,2022-02-23 09:13:50.655,21518073.0,,99569.0,58.0,화
2022-02-23 09:12:48.876,7607,2329172,798,2022-02-23,00:00,2022-02-24 09:46:50.038,21518073.0,,171442.0,99.0,수
2022-02-24 09:45:42.528,7689,2499187,799,2022-02-24,00:00,2022-02-25 09:19:57.585,21518073.0,,170015.0,82.0,목
2022-02-25 09:19:35.533,7783,2665074,800,2022-02-25,00:00,2022-02-26 09:11:20.409,21518073.0,,165887.0,94.0,금
2022-02-26 09:10:30.918,7895,2831256,801,2022-02-26,00:00,2022-03-06 09:45:32.611,21518073.0,,166182.0,112.0,토
2022-02-27 08:54:59.059,7944,2994817,802,2022-02-27,00:00,2022-03-06 09:43:04.008,21518073.0,,163561.0,49.0,일
2022-02-28 08:56:05.340,8058,3134441,803,2022-02-28,00:00,2022-03-06 09:42:40.367,21518073.0,,139624.0,114.0,월
2022-03-01 09:12:42.550,8170,3273431,804,2022-03-01,00:00,2022-03-06 09:42:18.383,21518073.0,,138990.0,112.0,화
2022-03-02 09:05:42.681,8266,3492659,805,2022-03-02,00:00,2022-03-06 09:42:03.65,21518073.0,,219228.0,96.0,수
2022-03-03 09:08:34.548,8394,3691459,806,2022-03-03,00:00,2022-03-06 09:41:48.252,21518073.0,,198800.0,128.0,목
2022-03-04 08:59:56.036,8580,3958309,807,2022-03-04,00:00,2022-03-06 09:41:30.29,21518073.0,,266850.0,186.0,금
2022-03-05 09:41:58.429,8796,4212636,808,2022-03-05,00:00,2022-03-06 09:41:13.104,21518073.0,,254327.0,216.0,토
2022-03-06 09:40:46.490,8957,4456261,809,2022-03-06,00:00,2022-03-07 09:06:48.272,21518073.0,,243625.0,161.0,일
2022-03-07 09:06:07.520,9096,4666970,810,2022-03-07,00:00,2022-03-08 08:58:58.236,21518073.0,,210709.0,139.0,월
2022-03-08 08:58:30.750,9282,4869672,811,2022-03-08,00:00,2022-03-09 08:58:41.872,21518073.0,,202702.0,186.0,화
2022-03-09 08:57:50.503,9440,5212101,812,2022-03-09,00:00,2022-03-10 09:08:10.52,21518073.0,,342429.0,158.0,수
2022-03-10 09:07:48.264,9646,5539639,813,2022-03-10,00:00,2022-03-11 08:57:08.866,21518073.0,,327538.0,206.0,목
2022-03-11 08:56:23.530,9875,5822612,814,2022-03-11,00:00,2022-03-19 09:48:19.456,21518073.0,,282973.0,229.0,금
2022-03-12 08:53:24.338,10144,6206229,815,2022-03-12,00:00,2022-03-19 09:47:59.929,21518073.0,,383617.0,269.0,토
2022-03-13 09:13:37.486,10395,6556411,816,2022-03-13,00:00,2022-03-19 09:47:34.07,21518073.0,,350182.0,251.0,일
2022-03-14 09:01:32.362,10595,6866190,817,2022-03-14,00:00,2022-03-19 09:47:04.422,21518073.0,,309779.0,200.0,월
2022-03-15 09:08:41.063,10888,7228473,818,2022-03-15,00:00,2022-03-22 09:00:06.26,21518073.0,,362283.0,293.0,화
2022-03-16 09:07:33.011,11052,7629066,819,2022-03-16,00:00,2022-03-23 09:20:49.513,21518073.0,,400593.0,164.0,수
2022-03-17 09:28:28.783,11481,8250270,820,2022-03-17,00:00,2022-03-24 09:06:26.685,21518073.0,,621204.0,429.0,목
2022-03-18 09:06:55.679,11782,8657109,821,2022-03-18,00:00,2022-03-25 09:08:11.617,21518073.0,,406839.0,301.0,금
2022-03-19 09:20:10.848,12101,9038522,822,2022-03-19,00:00,2022-03-25 09:07:49.638,21518073.0,,381413.0,319.0,토
2022-03-20 09:22:09.424,12428,9373175,823,2022-03-20,00:00,2022-03-25 09:07:29.159,21518073.0,,334653.0,327.0,일
2022-03-21 09:10:38.912,12757,9582314,824,2022-03-21,00:00,2022-03-25 09:07:01.306,21518073.0,,209139.0,329.0,월
2022-03-22 08:56:35.519,13141,9936142,825,2022-03-22,00:00,2022-03-29 09:12:46.454,21518073.0,,353828.0,384.0,화
2022-03-23 09:18:19.212,13432,10426913,826,2022-03-23,00:00,2022-03-30 09:09:59.926,21518073.0,,490771.0,291.0,수
2022-03-24 09:03:23.400,13901,10822439,827,2022-03-24,00:00,2022-03-31 09:07:42.756,21518073.0,,395526.0,469.0,목
2022-03-25 09:00:20.400,14294,11161890,828,2022-03-25,00:00,2022-04-01 09:07:43.379,21518073.0,,339451.0,393.0,금
2022-03-26 08:53:27.922,14617,11497431,829,2022-03-26,00:00,2022-04-01 09:07:16.344,21518073.0,,335541.0,323.0,토
2022-03-27 08:52:08.378,14899,11815506,830,2022-03-27,00:00,2022-04-01 09:07:01.085,21518073.0,,318075.0,282.0,일
2022-03-28 09:06:58.274,15186,12002688,831,2022-03-28,00:00,2022-04-01 09:06:45.033,21518073.0,,187182.0,287.0,월
2022-03-29 09:10:15.043,15423,12350188,832,2022-03-29,00:00,2022-04-01 09:06:30.566,21518073.0,,347500.0,237.0,화
2022-03-30 09:07:48.451,15855,12774654,833,2022-03-30,00:00,2022-04-06 13:45:06.86,21518073.0,,424466.0,432.0,수
2022-03-31 09:00:17.446,16230,13095337,834,2022-03-31,00:00,2022-04-07 09:08:39.321,21518073.0,,320683.0,375.0,목
2022-04-01 09:04:54.638,16590,13375568,835,2022-04-01,00:00,2022-04-08 09:09:14.895,21518073.0,,280231.0,360.0,금
2022-04-02 09:27:09.919,16929,13639688,836,2022-04-02,00:00,2022-04-09 09:24:07.877,21518073.0,,264120.0,339.0,토
2022-04-03 09:11:21.229,17235,13873953,837,2022-04-03,00:00,2022-04-09 09:23:35.402,21518073.0,,234265.0,306.0,일
2022-04-04 09:03:19.219,17453,14001116,839,2022-04-04,00:00,2022-04-09 09:23:05.652,21518073.0,,127163.0,218.0,월
2022-04-05 09:05:37.473,17662,14267201,840,2022-04-05,00:00,2022-04-12 09:10:13.425,21518073.0,,266085.0,209.0,화
2022-04-06 09:07:21.018,18033,14553448,841,2022-04-06,00:00,2022-04-13 09:10:16.582,21518073.0,,286247.0,371.0,수
2022-04-07 09:05:52.460,18381,14778232,842,2022-04-07,00:00,2022-04-14 09:10:37.437,21518073.0,,224784.0,348.0,목
2022-04-08 09:06:47.712,18754,14983531,843,2022-04-08,00:00,2022-04-15 09:02:28.696,21518073.0,,205299.0,373.0,금
2022-04-09 09:00:27.673,19092,15169056,844,2022-04-09,00:00,2022-04-16 09:26:26.083,21518073.0,,185525.0,338.0,토
2022-04-10 08:56:28.573,19421,15333512,845,2022-04-10,00:00,2022-04-16 09:26:12.275,21518073.0,,164456.0,329.0,일
2022-04-11 09:07:55.866,19679,15424429,846,2022-04-11,00:00,2022-04-16 09:25:56.127,21518073.0,,90917.0,258.0,월
2022-04-12 09:07:12.559,19850,15635144,847,2022-04-12,00:00,2022-04-19 09:07:50.743,21518073.0,,210715.0,171.0,화
2022-04-13 09:07:39.457,20034,15830526,848,2022-04-13,00:00,2022-04-20 09:08:04.743,21518073.0,,195382.0,184.0,수
2022-04-14 09:08:23.122,20352,15978935,849,2022-04-14,00:00,2022-04-21 09:13:41.99,21518073.0,,148409.0,318.0,목
2022-04-15 09:00:09.721,20616,16104735,850,2022-04-15,00:00,2022-04-22 09:10:59.181,21518073.0,,125800.0,264.0,금
2022-04-16 09:24:06.211,20889,16212617,851,2022-04-16,00:00,2022-04-23 09:58:40.198,21518073.0,,107882.0,273.0,토
2022-04-17 09:22:50.974,21092,16305595,852,2022-04-17,00:00,2022-04-23 09:58:26.82,21518073.0,,92978.0,203.0,일
2022-04-18 09:00:48.728,21224,16353325,853,2022-04-18,00:00,2022-04-23 09:58:10.581,21518073.0,,47730.0,132.0,월
2022-04-19 09:05:13.630,21354,16471787,854,2022-04-19,00:00,2022-04-26 09:12:56.04,21518073.0,,118462.0,130.0,화
2022-04-20 09:05:36.813,21520,16583076,855,2022-04-20,00:00,2022-04-27 09:03:39.849,21518073.0,,111289.0,166.0,수
2022-04-21 09:05:31.131,21667,16673919,856,2022-04-21,00:00,2022-04-28 09:04:37.11,21518073.0,,90843.0,147.0,목
2022-04-22 09:08:41.733,21873,16754952,857,2022-04-22,00:00,2022-04-29 09:05:42.917,21518073.0,,81033.0,206.0,금
2022-04-23 08:54:03.350,22024,16830375,858,2022-04-23,00:00,2022-04-30 09:24:15.874,21518073.0,,75423.0,151.0,토
2022-04-24 08:36:32.893,22133,16895079,859,2022-04-24,00:00,2022-04-30 09:25:01.983,21518073.0,,64704.0,109.0,일
2022-04-25 09:02:21.688,22243,16929440,860,2022-04-25,00:00,2022-04-30 09:23:49.525,21518073.0,,34361.0,110.0,월
2022-04-26 09:02:16.270,22325,17009707,861,2022-04-26,00:00,2022-05-03 09:11:15.127,21518073.0,,80267.0,82.0,화
2022-04-27 09:01:55.815,22466,17086471,862,2022-04-27,00:00,2022-05-04 09:13:13.366,21518073.0,,76764.0,141.0,수
2022-04-28 09:02:00.054,22588,17143917,863,2022-04-28,00:00,2022-05-05 09:26:29.55,21518073.0,,57446.0,122.0,목
2022-04-29 09:03:59.658,22724,17194473,864,2022-04-29,00:00,2022-05-05 09:26:15.183,21518073.0,,50556.0,136.0,금
2022-04-30 09:17:39.409,22794,17237717,865,2022-04-30,00:00,2022-05-07 09:21:13.949,21518073.0,,43244.0,70.0,토
2022-05-01 09:15:03.496,22875,17275477,866,2022-05-01,00:00,2022-05-07 09:20:49.891,21518073.0,,37760.0,81.0,일
2022-05-02 09:01:12.093,22958,17295553,867,2022-05-02,00:00,2022-05-07 09:20:27.275,21518073.0,,20076.0,83.0,월
2022-05-03 09:08:23.319,23007,17346659,868,2022-05-03,00:00,2022-05-10 10:09:55.309,21518073.0,,51106.0,49.0,화
2022-05-04 09:11:34.915,23079,17395705,869,2022-05-04,00:00,2022-05-11 09:03:27.014,21518073.0,,49046.0,72.0,수
2022-05-05 09:23:43.381,23158,17437984,870,2022-05-05,00:00,2022-05-12 09:06:57.564,21518073.0,,42279.0,79.0,목
2022-05-06 08:06:00.523,23206,17464662,871,2022-05-06,00:00,2022-05-13 09:11:27.572,21518073.0,,26678.0,48.0,금
2022-05-07 09:18:40.439,23289,17504225,872,2022-05-07,00:00,2022-05-14 10:35:34.039,21518073.0,,39563.0,83.0,토
2022-05-08 09:02:00.163,23360,17544273,873,2022-05-08,00:00,2022-05-14 10:35:16.208,21518073.0,,40048.0,71.0,일
2022-05-09 09:06:19.774,23400,17564861,874,2022-05-09,00:00,2022-05-14 10:34:58.518,21518073.0,,20588.0,40.0,월
2022-05-10 09:02:38.129,23462,17614757,875,2022-05-10,00:00,2022-05-17 09:06:40.689,21518073.0,,49896.0,62.0,화
2022-05-11 09:01:52.873,23491,17658638,876,2022-05-11,00:00,2022-05-19 17:38:10.681,21518073.0,,43881.0,29.0,수
2022-05-12 09:05:26.458,23554,17694520,877,2022-05-12,00:00,2022-05-19 17:37:18.336,21518073.0,,35882.0,63.0,목
2022-05-13 09:09:51.890,23606,17726955,878,2022-05-13,00:00,2022-05-20 09:06:42.817,21518073.0,,32435.0,52.0,금
2022-05-14 09:46:39.377,23661,17756527,879,2022-05-14,00:00,2022-05-21 08:48:13.125,21518073.0,,29572.0,55.0,토
2022-05-15 09:27:15.538,23709,17781952,880,2022-05-15,00:00,2022-05-21 08:47:54.484,21518073.0,,25425.0,48.0,일
2022-05-16 09:04:43.174,23744,17795242,881,2022-05-16,00:00,2022-05-21 08:47:40.875,21518073.0,,13290.0,35.0,월
2022-05-17 09:04:52.287,23771,17830327,882,2022-05-17,00:00,2022-05-24 09:18:48.656,21518073.0,,35085.0,27.0,화
2022-05-18 08:58:30.377,23802,17861660,883,2022-05-18,00:00,2022-05-25 09:05:49.683,21518073.0,,31333.0,31.0,수
2022-05-19 09:07:11.841,23842,17889769,884,2022-05-19,00:00,2022-05-26 09:16:54.036,21518073.0,,28109.0,40.0,목
2022-05-20 09:02:54.987,23885,17914882,885,2022-05-20,00:00,2022-05-27 09:04:41.621,21518073.0,,25113.0,43.0,금
2022-05-21 08:39:51.786,23911,17938332,886,2022-05-21,00:00,2022-05-28 09:10:27.211,21518073.0,,23450.0,26.0,토
2022-05-22 07:52:40.527,23965,17957621,887,2022-05-22,00:00,2022-05-28 09:10:20.33,21518073.0,,19289.0,54.0,일
2022-05-23 08:56:56.412,23987,17967592,888,2022-05-23,00:00,2022-05-28 09:10:13.674,21518073.0,,9971.0,22.0,월
2022-05-24 08:49:38.261,24006,17993923,889,2022-05-24,00:00,2022-05-31 08:58:44.451,21518073.0,,26331.0,19.0,화
2022-05-25 09:02:44.294,24029,18017859,890,2022-05-25,00:00,2022-06-01 09:08:25.254,21518073.0,,23936.0,23.0,수
2022-05-26 09:13:37.732,24063,18036664,891,2022-05-26,00:00,2022-06-01 09:08:19.164,21518073.0,,18805.0,34.0,목
2022-05-27 09:03:34.444,24103,18053236,892,2022-05-27,00:00,2022-06-03 09:11:10.578,21518073.0,,16572.0,40.0,금
2022-05-28 09:09:18.909,24139,18067610,893,2022-05-28,00:00,2022-06-04 09:00:06.316,21518073.0,,14374.0,36.0,토
2022-05-29 09:05:28.382,24158,18080257,894,2022-05-29,00:00,2022-06-04 08:59:51.863,21518073.0,,12647.0,19.0,일
2022-05-30 09:01:30.847,24167,18086392,895,2022-05-30,00:00,2022-06-04 08:59:37.203,21518073.0,,6135.0,9.0,월
2022-05-31 08:55:39.977,24176,18103577,896,2022-05-31,00:00,2022-06-04 08:59:23.637,21518073.0,,17185.0,9.0,화
2022-06-01 09:07:30.461,24197,18119345,897,2022-06-01,00:00,2022-06-08 09:12:05.316,21518073.0,,15768.0,21.0,수
2022-06-02 08:58:19.746,24212,18129236,898,2022-06-02,00:00,2022-06-08 09:11:51.985,21518073.0,,9891.0,15.0,목
2022-06-03 09:08:18.729,24229,18141775,899,2022-06-03,00:00,2022-06-08 09:11:38.938,21518073.0,,12539.0,17.0,금
2022-06-04 08:56:49.219,24238,18153814,900,2022-06-04,00:00,2022-06-08 09:11:26.303,21518073.0,,12039.0,9.0,토
2022-06-05 08:53:19.426,24258,18163648,901,2022-06-05,00:00,2022-06-08 09:11:04.758,21518073.0,,9834.0,20.0,일
2022-06-06 09:00:06.734,24279,18168670,902,2022-06-06,00:00,2022-06-08 09:10:50.441,21518073.0,,5022.0,21.0,월
